Host,Host_Index,Family,Point_ID,c_host,X_plot,dH_multi_kJmol,dG_multi_kJmol,ddG_cocktail_minus_binary_avg_kJmol_atom
Pt,0,PGM,0,0.04547,0.0971,-6.473,-11.0433,-4.5703
Pt,0,PGM,1,0.05462,-0.0623,-7.617,-12.3805,-4.7635
Pt,0,PGM,2,0.05146,0.0085,-7.2207,-11.897,-4.6763
Pt,0,PGM,3,0.04504,-0.1685,-6.4219,-11.0596,-4.6377
Pt,0,PGM,4,0.06381,0.096,-8.8002,-13.5492,-4.749
Pt,0,PGM,5,0.05777,-0.1398,-8.0743,-12.7114,-4.6371
Pt,0,PGM,6,0.06396,0.109,-8.823,-13.6506,-4.8276
Pt,0,PGM,7,0.06039,0.2408,-8.3453,-13.1599,-4.8146
Pt,0,PGM,8,0.05713,-0.025,-8.0151,-12.8172,-4.8021
Pt,0,PGM,9,0.04007,0.3214,-5.748,-10.3234,-4.5754
Pt,0,PGM,10,0.05318,-0.2437,-7.4569,-12.1825,-4.7256
Pt,0,PGM,11,0.05605,0.2586,-7.8572,-12.6166,-4.7594
Pt,0,PGM,12,0.04061,-0.0408,-5.8453,-10.5469,-4.7016
Pt,0,PGM,13,0.02825,0.2646,-4.2439,-8.7796,-4.5357
Pt,0,PGM,14,0.04915,-0.3347,-6.9663,-11.6341,-4.6678
Pt,0,PGM,15,0.04434,0.2275,-6.3326,-10.8673,-4.5347
Pt,0,PGM,16,0.05198,0.0975,-7.318,-12.1458,-4.8278
Pt,0,PGM,17,0.036,0.3382,-5.2673,-9.9331,-4.6658
Pt,0,PGM,18,0.04256,-0.2658,-6.1249,-10.8654,-4.7405
Pt,0,PGM,19,0.04588,0.291,-6.5361,-11.1818,-4.6457
Pt,0,PGM,20,0.04007,-0.225,-5.7802,-10.4082,-4.628
Pt,0,PGM,21,0.05834,0.2678,-8.1332,-12.9805,-4.8473
Pt,0,PGM,22,0.05555,-0.2057,-7.7925,-12.5912,-4.7987
Pt,0,PGM,23,0.05989,-0.2981,-8.2474,-13.0821,-4.8347
Pt,0,PGM,24,0.05582,0.1323,-7.7798,-12.3955,-4.6157
Pt,0,PGM,25,0.04444,0.2509,-6.3634,-10.9569,-4.5935
Pt,0,PGM,26,0.05199,0.1062,-7.3091,-12.039,-4.7299
Pt,0,PGM,27,0.06226,0.1003,-8.633,-13.5214,-4.8884
Pt,0,PGM,28,0.05995,-0.1716,-8.3294,-13.1515,-4.8221
Pt,0,PGM,29,0.0395,-0.2094,-5.7104,-10.5161,-4.8057
Pt,0,PGM,30,0.04202,-0.3138,-6.0576,-10.6944,-4.6368
Pt,0,PGM,31,0.04443,-0.345,-6.3642,-11.0996,-4.7354
Pt,0,PGM,32,0.06358,-0.1846,-8.7619,-13.6051,-4.8432
Pt,0,PGM,33,0.05452,0.2933,-7.6169,-12.3952,-4.7783
Pt,0,PGM,34,0.04473,0.3043,-6.3983,-11.0348,-4.6365
Pt,0,PGM,35,0.06077,-0.1758,-8.416,-13.2877,-4.8717
Pt,0,PGM,36,0.04872,0.3424,-6.8975,-11.5444,-4.6469
Pt,0,PGM,37,0.04627,-0.2471,-6.6118,-11.211,-4.5992
Pt,0,PGM,38,0.0498,-0.2792,-7.0635,-11.7217,-4.6582
Pt,0,PGM,39,0.04793,-0.1424,-6.828,-11.4786,-4.6506
Ir,1,PGM,0,0.05578,0.7618,-6.8485,-11.5899,-4.7414
Ir,1,PGM,1,0.06342,1.2195,-7.677,-12.3329,-4.6559
Ir,1,PGM,2,0.04923,0.7485,-6.1658,-10.8091,-4.6433
Ir,1,PGM,3,0.05103,1.0931,-6.3695,-11.0906,-4.7211
Ir,1,PGM,4,0.04073,0.9203,-5.2053,-9.8178,-4.6125
Ir,1,PGM,5,0.06156,1.1789,-7.4967,-12.0356,-4.5389
Ir,1,PGM,6,0.04793,0.7976,-6.0185,-10.8114,-4.7929
Ir,1,PGM,7,0.04307,0.8962,-5.4408,-10.104,-4.6632
Ir,1,PGM,8,0.04681,1.318,-5.8946,-10.5085,-4.6139
Ir,1,PGM,9,0.04969,1.0705,-6.1889,-10.8095,-4.6206
Ir,1,PGM,10,0.05826,0.8403,-7.1349,-11.7865,-4.6516
Ir,1,PGM,11,0.0548,0.6605,-6.8189,-11.5262,-4.7073
Ir,1,PGM,12,0.05623,0.7794,-6.9036,-11.682,-4.7784
Ir,1,PGM,13,0.04431,0.6629,-5.6285,-10.2154,-4.5869
Ir,1,PGM,14,0.06324,1.0186,-7.6825,-12.4528,-4.7703
Ir,1,PGM,15,0.0487,0.7862,-6.0989,-10.835,-4.7361
Ir,1,PGM,16,0.0538,1.2379,-6.6448,-11.2389,-4.5941
Ir,1,PGM,17,0.04015,0.7923,-5.1247,-9.7204,-4.5957
Ir,1,PGM,18,0.06051,0.6746,-7.3646,-12.1157,-4.7511
Ir,1,PGM,19,0.05472,1.2166,-6.7456,-11.4651,-4.7195
Ir,1,PGM,20,0.03296,0.7807,-4.2947,-8.8453,-4.5506
Ir,1,PGM,21,0.05724,0.9613,-7.0128,-11.8507,-4.8379
Ir,1,PGM,22,0.04867,1.1746,-6.0833,-10.7446,-4.6613
Ir,1,PGM,23,0.04489,0.9963,-5.6768,-10.4377,-4.7609
Ir,1,PGM,24,0.05626,0.8639,-6.915,-11.4994,-4.5844
Ir,1,PGM,25,0.05409,1.0932,-6.6951,-11.4564,-4.7613
Ir,1,PGM,26,0.04846,1.3139,-6.0836,-10.7232,-4.6396
Ir,1,PGM,27,0.04406,1.0272,-5.5634,-10.2937,-4.7303
Ir,1,PGM,28,0.05553,0.8083,-6.8574,-11.5597,-4.7023
Ir,1,PGM,29,0.04522,0.9631,-5.6781,-10.4243,-4.7462
Ir,1,PGM,30,0.05321,0.8165,-6.6131,-11.3636,-4.7505
Ir,1,PGM,31,0.03913,0.9644,-5.0055,-9.6711,-4.6656
Ir,1,PGM,32,0.03749,0.8549,-4.8507,-9.3602,-4.5095
Ir,1,PGM,33,0.04888,0.9158,-6.1136,-10.7754,-4.6618
Ir,1,PGM,34,0.048,0.9816,-6.0317,-10.6241,-4.5924
Ir,1,PGM,35,0.0579,1.0884,-7.0993,-11.8391,-4.7398
Ir,1,PGM,36,0.03828,1.036,-4.958,-9.4759,-4.5179
Ir,1,PGM,37,0.04192,0.9773,-5.3341,-9.9908,-4.6567
Ir,1,PGM,38,0.05661,1.2783,-7.001,-11.6741,-4.6731
Ir,1,PGM,39,0.04477,0.9922,-5.6422,-10.3144,-4.6722
Pd,2,PGM,0,0.04586,1.9256,-5.0587,-9.8883,-4.8296
Pd,2,PGM,1,0.05386,1.8062,-5.8951,-10.4139,-4.5188
Pd,2,PGM,2,0.05241,2.2077,-5.7087,-10.518,-4.8093
Pd,2,PGM,3,0.05028,2.1294,-5.5352,-10.3124,-4.7772
Pd,2,PGM,4,0.05256,1.9981,-5.7352,-10.3775,-4.6423
Pd,2,PGM,5,0.02994,1.7095,-3.5092,-8.1367,-4.6275
Pd,2,PGM,6,0.06414,1.907,-6.86,-11.6506,-4.7906
Pd,2,PGM,7,0.05691,2.0565,-6.1644,-10.9606,-4.7962
Pd,2,PGM,8,0.08347,1.6504,-8.5714,-13.4871,-4.9157
Pd,2,PGM,9,0.05057,1.6678,-5.5577,-10.2786,-4.7209
Pd,2,PGM,10,0.04795,2.1573,-5.3022,-9.9793,-4.6771
Pd,2,PGM,11,0.05156,1.9707,-5.6417,-10.2912,-4.6495
Pd,2,PGM,12,0.05253,2.1703,-5.763,-10.5302,-4.7672
Pd,2,PGM,13,0.05205,1.7064,-5.6856,-10.4334,-4.7478
Pd,2,PGM,14,0.0506,2.2202,-5.5464,-10.3369,-4.7905
Pd,2,PGM,15,0.05292,2.0644,-5.7761,-10.4808,-4.7047
Pd,2,PGM,16,0.04805,1.9776,-5.2859,-10.0714,-4.7855
Pd,2,PGM,17,0.04026,1.9137,-4.525,-9.0704,-4.5454
Pd,2,PGM,18,0.03956,2.0084,-4.4651,-9.1697,-4.7046
Pd,2,PGM,19,0.04869,2.016,-5.3792,-10.0661,-4.6869
Pd,2,PGM,20,0.05119,1.8875,-5.588,-10.3502,-4.7622
Pd,2,PGM,21,0.05195,2.2416,-5.6759,-10.3842,-4.7083
Pd,2,PGM,22,0.04488,1.8687,-5.009,-9.7305,-4.7215
Pd,2,PGM,23,0.04167,2.1418,-4.7051,-9.1641,-4.459
Pd,2,PGM,24,0.06158,1.8051,-6.577,-11.4079,-4.8309
Pd,2,PGM,25,0.04341,2.1221,-4.8559,-9.3933,-4.5374
Pd,2,PGM,26,0.0621,1.9618,-6.6218,-11.4098,-4.788
Pd,2,PGM,27,0.0637,2.1149,-6.7866,-11.6267,-4.8401
Pd,2,PGM,28,0.05268,2.083,-5.7445,-10.4989,-4.7544
Pd,2,PGM,29,0.05084,1.9842,-5.5387,-10.2247,-4.686
Pd,2,PGM,30,0.04685,2.2394,-5.155,-9.9015,-4.7465
Pd,2,PGM,31,0.06761,1.7838,-7.1804,-12.0002,-4.8198
Pd,2,PGM,32,0.05884,2.0946,-6.3355,-10.9543,-4.6188
Pd,2,PGM,33,0.05148,2.0819,-5.6486,-10.2155,-4.5669
Pd,2,PGM,34,0.0463,1.7657,-5.1501,-9.8432,-4.6931
Pd,2,PGM,35,0.0614,2.3284,-6.5741,-11.3741,-4.8
Pd,2,PGM,36,0.04532,2.3039,-5.0299,-9.6195,-4.5896
Pd,2,PGM,37,0.05015,1.852,-5.4542,-10.1879,-4.7337
Pd,2,PGM,38,0.04797,1.8071,-5.2861,-9.9637,-4.6776
Pd,2,PGM,39,0.05479,2.3061,-5.9486,-10.7811,-4.8325
Rh,3,PGM,0,0.06016,2.9216,-6.0193,-10.8086,-4.7893
Rh,3,PGM,1,0.05236,3.2591,-5.3102,-10.0236,-4.7134
Rh,3,PGM,2,0.04558,2.6603,-4.7072,-9.3019,-4.5947
Rh,3,PGM,3,0.03065,2.8738,-3.332,-8.0361,-4.7041
Rh,3,PGM,4,0.05252,3.0975,-5.3185,-9.9514,-4.6329
Rh,3,PGM,5,0.06126,3.1474,-6.117,-10.9042,-4.7872
Rh,3,PGM,6,0.03682,3.2184,-3.9051,-8.5517,-4.6466
Rh,3,PGM,7,0.04501,3.0297,-4.6675,-9.3835,-4.716
Rh,3,PGM,8,0.04918,2.8941,-5.0426,-9.8574,-4.8148
Rh,3,PGM,9,0.04642,3.0268,-4.7515,-9.3772,-4.6257
Rh,3,PGM,10,0.05742,2.8801,-5.7763,-10.5546,-4.7783
Rh,3,PGM,11,0.05521,3.1196,-5.593,-10.4906,-4.8976
Rh,3,PGM,12,0.04612,2.9318,-4.7891,-9.3447,-4.5556
Rh,3,PGM,13,0.04589,3.0356,-4.7644,-9.3276,-4.5632
Rh,3,PGM,14,0.04174,3.3329,-4.3742,-9.0729,-4.6987
Rh,3,PGM,15,0.03926,2.6674,-4.1212,-8.7767,-4.6555
Rh,3,PGM,16,0.06172,3.1389,-6.1284,-10.9915,-4.8631
Rh,3,PGM,17,0.04657,2.7953,-4.7869,-9.4666,-4.6797
Rh,3,PGM,18,0.0468,2.8725,-4.8435,-9.4636,-4.6201
Rh,3,PGM,19,0.05444,2.8101,-5.5305,-10.2167,-4.6862
Rh,3,PGM,20,0.0429,3.311,-4.469,-9.0382,-4.5692
Rh,3,PGM,21,0.04399,2.9454,-4.5487,-9.1302,-4.5815
Rh,3,PGM,22,0.05812,2.8204,-5.8649,-10.7995,-4.9346
Rh,3,PGM,23,0.03213,3.1464,-3.5055,-7.9128,-4.4073
Rh,3,PGM,24,0.05088,2.8235,-5.1801,-9.9618,-4.7817
Rh,3,PGM,25,0.03029,3.0868,-3.3086,-7.7646,-4.456
Rh,3,PGM,26,0.05612,3.1276,-5.6716,-10.5542,-4.8826
Rh,3,PGM,27,0.05969,3.178,-5.9784,-10.7165,-4.7381
Rh,3,PGM,28,0.04248,2.7755,-4.4376,-9.1058,-4.6682
Rh,3,PGM,29,0.04068,3.204,-4.2648,-8.8845,-4.6197
Rh,3,PGM,30,0.05437,3.2288,-5.4909,-10.336,-4.8451
Rh,3,PGM,31,0.04714,2.6844,-4.8467,-9.488,-4.6413
Rh,3,PGM,32,0.05219,2.8946,-5.3139,-10.2235,-4.9096
Rh,3,PGM,33,0.04933,2.7324,-5.0725,-9.6833,-4.6108
Rh,3,PGM,34,0.05779,3.2916,-5.7816,-10.6454,-4.8638
Rh,3,PGM,35,0.04836,3.1337,-4.9764,-9.7404,-4.764
Rh,3,PGM,36,0.05256,2.9517,-5.3589,-10.0897,-4.7308
Rh,3,PGM,37,0.06023,2.6715,-6.0192,-10.9154,-4.8962
Rh,3,PGM,38,0.04693,2.9536,-4.8302,-9.5837,-4.7535
Rh,3,PGM,39,0.05221,2.6796,-5.309,-9.99,-4.681
Ru,4,PGM,0,0.05107,4.2199,-5.1766,-10.0477,-4.8711
Ru,4,PGM,1,0.04256,4.2151,-4.4313,-9.0817,-4.6504
Ru,4,PGM,2,0.05375,3.6704,-5.4183,-10.1687,-4.7504
Ru,4,PGM,3,0.05498,4.2438,-5.5301,-10.1803,-4.6502
Ru,4,PGM,4,0.05513,3.6597,-5.5353,-10.2975,-4.7622
Ru,4,PGM,5,0.05339,3.8217,-5.4072,-10.0971,-4.6899
Ru,4,PGM,6,0.0533,3.9693,-5.4304,-10.0354,-4.605
Ru,4,PGM,7,0.06146,3.6893,-6.1277,-10.8869,-4.7592
Ru,4,PGM,8,0.05811,3.8482,-5.8187,-10.5453,-4.7266
Ru,4,PGM,9,0.05777,3.8244,-5.7747,-10.5959,-4.8212
Ru,4,PGM,10,0.06702,4.0513,-6.6318,-11.3962,-4.7644
Ru,4,PGM,11,0.05521,3.8776,-5.512,-10.1911,-4.6791
Ru,4,PGM,12,0.03957,4.1318,-4.1637,-8.8318,-4.6681
Ru,4,PGM,13,0.05119,3.9197,-5.1922,-9.9384,-4.7462
Ru,4,PGM,14,0.05127,3.8691,-5.2041,-9.8078,-4.6037
Ru,4,PGM,15,0.0401,4.1039,-4.2087,-8.9459,-4.7372
Ru,4,PGM,16,0.04527,3.8145,-4.6408,-9.3259,-4.6851
Ru,4,PGM,17,0.05074,3.8296,-5.1553,-9.7124,-4.5571
Ru,4,PGM,18,0.0528,4.0682,-5.3537,-9.9685,-4.6148
Ru,4,PGM,19,0.03248,3.8436,-3.4879,-7.8674,-4.3795
Ru,4,PGM,20,0.03922,3.7067,-4.1197,-8.7193,-4.5996
Ru,4,PGM,21,0.06413,3.7199,-6.3161,-11.269,-4.9529
Ru,4,PGM,22,0.03159,4.0614,-3.447,-7.8745,-4.4275
Ru,4,PGM,23,0.05277,3.7596,-5.3674,-9.9737,-4.6063
Ru,4,PGM,24,0.05876,4.1465,-5.892,-10.5217,-4.6297
Ru,4,PGM,25,0.0361,3.9455,-3.8175,-8.452,-4.6345
Ru,4,PGM,26,0.03367,3.8068,-3.6085,-8.1794,-4.5709
Ru,4,PGM,27,0.04974,4.3204,-5.1032,-9.7745,-4.6713
Ru,4,PGM,28,0.0571,3.957,-5.7308,-10.4162,-4.6854
Ru,4,PGM,29,0.05731,3.7174,-5.7349,-10.4819,-4.747
Ru,4,PGM,30,0.04311,4.084,-4.4487,-9.0538,-4.6051
Ru,4,PGM,31,0.04297,4.1813,-4.5139,-9.1203,-4.6064
Ru,4,PGM,32,0.04117,3.657,-4.3206,-8.9601,-4.6395
Ru,4,PGM,33,0.06088,4.321,-6.0486,-10.8999,-4.8513
Ru,4,PGM,34,0.03609,4.1145,-3.8507,-8.3449,-4.4942
Ru,4,PGM,35,0.03991,3.8051,-4.1928,-8.8225,-4.6297
Ru,4,PGM,36,0.04778,3.8165,-4.9101,-9.6532,-4.7431
Ru,4,PGM,37,0.05645,4.0143,-5.6573,-10.5349,-4.8776
Ru,4,PGM,38,0.04133,4.077,-4.3009,-8.9083,-4.6074
Ru,4,PGM,39,0.04974,3.8913,-5.0671,-9.7731,-4.706
Os,5,PGM,0,0.04195,5.062,-4.3982,-8.9654,-4.5672
Os,5,PGM,1,0.0647,5.308,-6.3889,-11.2316,-4.8427
Os,5,PGM,2,0.05412,5.0266,-5.4744,-10.226,-4.7516
Os,5,PGM,3,0.04544,4.7285,-4.6883,-9.3381,-4.6498
Os,5,PGM,4,0.05721,5.2754,-5.6778,-10.4558,-4.778
Os,5,PGM,5,0.04657,4.9564,-4.753,-9.443,-4.69
Os,5,PGM,6,0.04927,4.9794,-5.0048,-9.7065,-4.7017
Os,5,PGM,7,0.04633,4.717,-4.7871,-9.4495,-4.6624
Os,5,PGM,8,0.05308,5.0832,-5.3694,-10.1677,-4.7983
Os,5,PGM,9,0.04718,5.0715,-4.8215,-9.4266,-4.6051
Os,5,PGM,10,0.05806,4.8857,-5.8104,-10.7022,-4.8918
Os,5,PGM,11,0.04075,4.9982,-4.2906,-8.8929,-4.6023
Os,5,PGM,12,0.04976,5.073,-5.0723,-9.7561,-4.6838
Os,5,PGM,13,0.04227,4.9305,-4.3791,-9.1158,-4.7367
Os,5,PGM,14,0.03802,4.9974,-4.0096,-8.5891,-4.5795
Os,5,PGM,15,0.03127,4.7114,-3.3924,-7.8897,-4.4973
Os,5,PGM,16,0.06622,5.1729,-6.5065,-11.2824,-4.7759
Os,5,PGM,17,0.04573,5.1655,-4.725,-9.5148,-4.7898
Os,5,PGM,18,0.04629,5.2359,-4.7476,-9.5376,-4.79
Os,5,PGM,19,0.06034,4.9601,-5.9585,-10.7192,-4.7607
Os,5,PGM,20,0.05909,5.1543,-5.9176,-10.7562,-4.8386
Os,5,PGM,21,0.05323,4.985,-5.3562,-10.1719,-4.8157
Os,5,PGM,22,0.03403,4.9323,-3.6297,-8.1784,-4.5487
Os,5,PGM,23,0.05294,5.0581,-5.3813,-10.0439,-4.6626
Os,5,PGM,24,0.04738,5.2114,-4.7992,-9.5427,-4.7435
Os,5,PGM,25,0.04184,5.1949,-4.3949,-9.0081,-4.6132
Os,5,PGM,26,0.06407,5.3294,-6.3303,-11.2159,-4.8856
Os,5,PGM,27,0.04197,5.2328,-4.3376,-9.0454,-4.7078
Os,5,PGM,28,0.05034,4.9126,-5.1017,-9.8512,-4.7495
Os,5,PGM,29,0.05049,4.9682,-5.0962,-9.7478,-4.6516
Os,5,PGM,30,0.06469,4.9139,-6.3343,-11.0049,-4.6706
Os,5,PGM,31,0.05452,5.2668,-5.4591,-10.2067,-4.7476
Os,5,PGM,32,0.05431,5.0052,-5.5117,-10.3668,-4.8551
Os,5,PGM,33,0.05562,5.2053,-5.5846,-10.3892,-4.8046
Os,5,PGM,34,0.0623,4.9243,-6.1649,-11.0916,-4.9267
Os,5,PGM,35,0.0479,5.2273,-4.9111,-9.6608,-4.7497
Os,5,PGM,36,0.05048,5.1619,-5.1395,-9.6915,-4.552
Os,5,PGM,37,0.04965,4.7045,-5.0359,-9.7169,-4.681
Os,5,PGM,38,0.04823,4.9737,-4.9272,-9.6199,-4.6927
Os,5,PGM,39,0.0307,5.0878,-3.3342,-7.743,-4.4088
Ni,6,3d_TM,0,0.06363,6.2699,-4.6377,-9.5184,-4.8807
Ni,6,3d_TM,1,0.054,5.7074,-4.0465,-8.7735,-4.727
Ni,6,3d_TM,2,0.04173,5.7652,-3.2285,-7.772,-4.5435
Ni,6,3d_TM,3,0.04401,5.8525,-3.3956,-8.0905,-4.6949
Ni,6,3d_TM,4,0.04418,6.2583,-3.397,-8.1768,-4.7798
Ni,6,3d_TM,5,0.06005,6.1725,-4.4416,-9.168,-4.7264
Ni,6,3d_TM,6,0.04504,6.0629,-3.4787,-7.9488,-4.4701
Ni,6,3d_TM,7,0.06263,6.0521,-4.597,-9.3489,-4.7519
Ni,6,3d_TM,8,0.05312,6.0725,-3.9755,-8.7873,-4.8118
Ni,6,3d_TM,9,0.04402,6.1914,-3.4102,-8.1835,-4.7733
Ni,6,3d_TM,10,0.04854,5.7216,-3.6928,-8.3268,-4.634
Ni,6,3d_TM,11,0.04776,5.9604,-3.678,-8.2264,-4.5484
Ni,6,3d_TM,12,0.04652,5.8495,-3.5442,-8.1589,-4.6147
Ni,6,3d_TM,13,0.04948,6.0508,-3.753,-8.6253,-4.8723
Ni,6,3d_TM,14,0.04471,5.7927,-3.4453,-7.9776,-4.5323
Ni,6,3d_TM,15,0.04509,5.8849,-3.4782,-8.1258,-4.6476
Ni,6,3d_TM,16,0.04924,5.8136,-3.7642,-8.4225,-4.6583
Ni,6,3d_TM,17,0.04117,6.1156,-3.1847,-7.7147,-4.53
Ni,6,3d_TM,18,0.0602,5.7862,-4.4479,-9.2211,-4.7732
Ni,6,3d_TM,19,0.06395,5.9189,-4.6664,-9.3679,-4.7015
Ni,6,3d_TM,20,0.03677,5.7459,-2.8981,-7.5317,-4.6336
Ni,6,3d_TM,21,0.04188,5.8522,-3.2624,-7.7727,-4.5103
Ni,6,3d_TM,22,0.04482,6.3481,-3.4329,-8.0912,-4.6583
Ni,6,3d_TM,23,0.03789,5.906,-2.9984,-7.6389,-4.6405
Ni,6,3d_TM,24,0.04199,5.8586,-3.2656,-7.9913,-4.7257
Ni,6,3d_TM,25,0.04025,6.1327,-3.191,-7.6437,-4.4527
Ni,6,3d_TM,26,0.0589,6.1709,-4.3479,-9.1814,-4.8335
Ni,6,3d_TM,27,0.05797,6.307,-4.3371,-9.0346,-4.6975
Ni,6,3d_TM,28,0.04046,6.0961,-3.1785,-7.8412,-4.6627
Ni,6,3d_TM,29,0.03572,5.764,-2.8227,-7.5025,-4.6798
Ni,6,3d_TM,30,0.04981,5.7133,-3.7771,-8.526,-4.7489
Ni,6,3d_TM,31,0.0462,6.0393,-3.5484,-8.2313,-4.6829
Ni,6,3d_TM,32,0.04514,6.1104,-3.4778,-8.2507,-4.7729
Ni,6,3d_TM,33,0.05035,6.1653,-3.8307,-8.625,-4.7943
Ni,6,3d_TM,34,0.03472,5.7902,-2.7693,-7.3362,-4.5669
Ni,6,3d_TM,35,0.03289,6.071,-2.6918,-7.0888,-4.397
Ni,6,3d_TM,36,0.05173,6.2409,-3.8856,-8.5568,-4.6712
Ni,6,3d_TM,37,0.03377,6.2315,-2.7159,-7.2683,-4.5524
Ni,6,3d_TM,38,0.04393,5.8014,-3.4342,-8.0379,-4.6037
Ni,6,3d_TM,39,0.05545,5.6828,-4.1385,-8.9054,-4.7669
Co,7,3d_TM,0,0.05989,7.1278,-3.74,-8.6228,-4.8828
Co,7,3d_TM,1,0.06761,6.8294,-4.1188,-9.0573,-4.9385
Co,7,3d_TM,2,0.04507,6.9423,-2.933,-7.7136,-4.7806
Co,7,3d_TM,3,0.05457,7.0931,-3.4121,-8.1609,-4.7488
Co,7,3d_TM,4,0.05111,7.0826,-3.2589,-8.0061,-4.7472
Co,7,3d_TM,5,0.04559,6.6516,-2.9665,-7.6076,-4.6411
Co,7,3d_TM,6,0.05195,6.7205,-3.3216,-7.9766,-4.655
Co,7,3d_TM,7,0.0467,7.2214,-3.0305,-7.5178,-4.4873
Co,7,3d_TM,8,0.05468,7.0812,-3.4606,-8.2658,-4.8052
Co,7,3d_TM,9,0.04959,6.755,-3.1908,-7.7273,-4.5365
Co,7,3d_TM,10,0.03362,6.8129,-2.3032,-6.7246,-4.4214
Co,7,3d_TM,11,0.05188,6.8114,-3.3436,-7.895,-4.5514
Co,7,3d_TM,12,0.06228,6.6967,-3.8615,-8.5938,-4.7323
Co,7,3d_TM,13,0.04818,7.0148,-3.1288,-7.8339,-4.7051
Co,7,3d_TM,14,0.05179,7.1708,-3.3295,-7.9807,-4.6512
Co,7,3d_TM,15,0.04898,7.0102,-3.1676,-7.8379,-4.6703
Co,7,3d_TM,16,0.05743,7.2101,-3.5871,-8.428,-4.8409
Co,7,3d_TM,17,0.0515,7.0435,-3.2797,-7.9993,-4.7196
Co,7,3d_TM,18,0.05064,6.6657,-3.2462,-7.8947,-4.6485
Co,7,3d_TM,19,0.04876,6.9993,-3.1331,-7.8802,-4.7471
Co,7,3d_TM,20,0.04363,7.0228,-2.8694,-7.5274,-4.658
Co,7,3d_TM,21,0.05447,7.3358,-3.4396,-8.1897,-4.7501
Co,7,3d_TM,22,0.0505,7.1446,-3.2255,-7.8783,-4.6528
Co,7,3d_TM,23,0.04101,6.7367,-2.7433,-7.3348,-4.5915
Co,7,3d_TM,24,0.0441,6.9294,-2.8982,-7.6525,-4.7543
Co,7,3d_TM,25,0.0557,6.7116,-3.528,-8.19,-4.662
Co,7,3d_TM,26,0.04679,6.9453,-3.0308,-7.6999,-4.6691
Co,7,3d_TM,27,0.05555,7.267,-3.4898,-8.2139,-4.7241
Co,7,3d_TM,28,0.05065,6.9686,-3.2409,-7.9706,-4.7297
Co,7,3d_TM,29,0.06494,6.6661,-3.9897,-8.7424,-4.7527
Co,7,3d_TM,30,0.03346,7.2642,-2.3287,-6.7524,-4.4237
Co,7,3d_TM,31,0.05702,6.7106,-3.604,-8.5231,-4.9191
Co,7,3d_TM,32,0.04896,7.2159,-3.1798,-7.899,-4.7192
Co,7,3d_TM,33,0.0531,6.7631,-3.3578,-8.1218,-4.764
Co,7,3d_TM,34,0.06572,6.9814,-4.0264,-8.7165,-4.6901
Co,7,3d_TM,35,0.04235,7.1857,-2.8165,-7.4045,-4.588
Co,7,3d_TM,36,0.03658,7.1443,-2.4948,-7.0469,-4.5521
Co,7,3d_TM,37,0.05139,6.824,-3.2522,-7.8964,-4.6442
Co,7,3d_TM,38,0.04599,6.804,-2.9795,-7.819,-4.8395
Co,7,3d_TM,39,0.04475,7.1102,-2.9054,-7.5993,-4.6939
Fe,8,3d_TM,0,0.05367,8.2858,-2.4796,-7.2131,-4.7335
Fe,8,3d_TM,1,0.05178,8.1039,-2.4012,-7.1808,-4.7796
Fe,8,3d_TM,2,0.0561,8.2011,-2.586,-7.2789,-4.6929
Fe,8,3d_TM,3,0.06012,7.7558,-2.7069,-7.3943,-4.6874
Fe,8,3d_TM,4,0.06418,7.7309,-2.8488,-7.5374,-4.6886
Fe,8,3d_TM,5,0.03998,8.0515,-1.9896,-6.7419,-4.7523
Fe,8,3d_TM,6,0.05069,7.7406,-2.3476,-6.969,-4.6214
Fe,8,3d_TM,7,0.03943,8.2326,-1.9327,-6.4386,-4.5059
Fe,8,3d_TM,8,0.03037,7.8622,-1.6026,-6.1779,-4.5753
Fe,8,3d_TM,9,0.0553,7.7242,-2.5417,-7.2659,-4.7242
Fe,8,3d_TM,10,0.04846,7.6996,-2.307,-6.9349,-4.6279
Fe,8,3d_TM,11,0.04474,8.1126,-2.1092,-6.8028,-4.6936
Fe,8,3d_TM,12,0.04613,7.7828,-2.1613,-6.7988,-4.6375
Fe,8,3d_TM,13,0.06248,7.9365,-2.777,-7.5868,-4.8098
Fe,8,3d_TM,14,0.04569,8.1669,-2.1751,-6.8219,-4.6468
Fe,8,3d_TM,15,0.04528,7.8966,-2.1678,-6.695,-4.5272
Fe,8,3d_TM,16,0.04059,7.7752,-1.9967,-6.6397,-4.643
Fe,8,3d_TM,17,0.06945,7.7542,-3.0531,-8.0107,-4.9576
Fe,8,3d_TM,18,0.04595,7.9584,-2.2016,-6.8318,-4.6302
Fe,8,3d_TM,19,0.04524,7.7626,-2.1686,-6.799,-4.6304
Fe,8,3d_TM,20,0.05319,7.867,-2.4722,-7.0021,-4.5299
Fe,8,3d_TM,21,0.05231,7.7299,-2.4453,-7.1758,-4.7305
Fe,8,3d_TM,22,0.06231,7.6636,-2.8039,-7.5823,-4.7784
Fe,8,3d_TM,23,0.04733,7.9111,-2.2287,-6.8484,-4.6197
Fe,8,3d_TM,24,0.04887,8.1227,-2.3062,-7.0654,-4.7592
Fe,8,3d_TM,25,0.05516,8.0436,-2.535,-7.2976,-4.7626
Fe,8,3d_TM,26,0.05075,7.6965,-2.364,-7.0465,-4.6825
Fe,8,3d_TM,27,0.04159,8.0828,-2.0373,-6.7636,-4.7263
Fe,8,3d_TM,28,0.05067,7.793,-2.3537,-7.0313,-4.6776
Fe,8,3d_TM,29,0.04887,7.6555,-2.28,-6.9684,-4.6884
Fe,8,3d_TM,30,0.05662,8.2667,-2.5776,-7.359,-4.7814
Fe,8,3d_TM,31,0.04779,8.2189,-2.2685,-6.8948,-4.6263
Fe,8,3d_TM,32,0.04908,8.2569,-2.2994,-6.928,-4.6286
Fe,8,3d_TM,33,0.04521,7.7194,-2.1835,-6.8068,-4.6233
Fe,8,3d_TM,34,0.05111,7.8423,-2.3835,-7.1098,-4.7263
Fe,8,3d_TM,35,0.04574,8.1857,-2.1687,-6.8344,-4.6657
Fe,8,3d_TM,36,0.0468,7.8677,-2.2353,-6.7793,-4.544
Fe,8,3d_TM,37,0.04804,7.823,-2.2632,-6.8403,-4.5771
Fe,8,3d_TM,38,0.03687,7.979,-1.8258,-6.3698,-4.544
Fe,8,3d_TM,39,0.03934,7.8547,-1.8985,-6.4724,-4.5739
Cr,9,3d_TM,0,0.04491,9.0083,-1.1676,-5.7998,-4.6322
Cr,9,3d_TM,1,0.04699,8.7881,-1.2111,-5.6796,-4.4685
Cr,9,3d_TM,2,0.05531,8.9513,-1.3518,-6.1224,-4.7706
Cr,9,3d_TM,3,0.04381,8.9488,-1.1789,-5.9243,-4.7454
Cr,9,3d_TM,4,0.05613,8.8772,-1.3553,-6.1096,-4.7543
Cr,9,3d_TM,5,0.05486,8.9634,-1.3172,-6.1298,-4.8126
Cr,9,3d_TM,6,0.05477,9.0174,-1.3367,-6.0775,-4.7408
Cr,9,3d_TM,7,0.03615,9.0586,-1.0216,-5.6482,-4.6266
Cr,9,3d_TM,8,0.04271,8.9147,-1.1097,-5.7898,-4.6801
Cr,9,3d_TM,9,0.06053,8.7142,-1.421,-6.0999,-4.6789
Cr,9,3d_TM,10,0.04474,9.1955,-1.182,-5.8111,-4.6291
Cr,9,3d_TM,11,0.04207,9.1907,-1.1276,-5.9456,-4.818
Cr,9,3d_TM,12,0.05134,8.7037,-1.2596,-5.9731,-4.7135
Cr,9,3d_TM,13,0.05061,8.9791,-1.2782,-5.9393,-4.6611
Cr,9,3d_TM,14,0.05403,8.7461,-1.3573,-5.8719,-4.5146
Cr,9,3d_TM,15,0.06093,8.6644,-1.4348,-6.1944,-4.7596
Cr,9,3d_TM,16,0.03563,9.0233,-1.0092,-5.6893,-4.6801
Cr,9,3d_TM,17,0.0542,8.6885,-1.3168,-6.1281,-4.8113
Cr,9,3d_TM,18,0.045,9.21,-1.1807,-5.7533,-4.5726
Cr,9,3d_TM,19,0.01889,9.0511,-0.7149,-4.9341,-4.2192
Cr,9,3d_TM,20,0.06579,9.2309,-1.5056,-6.2385,-4.7329
Cr,9,3d_TM,21,0.05243,9.1824,-1.2933,-5.9315,-4.6382
Cr,9,3d_TM,22,0.04973,9.2446,-1.2505,-5.9727,-4.7222
Cr,9,3d_TM,23,0.0434,8.7312,-1.1544,-5.7776,-4.6232
Cr,9,3d_TM,24,0.0561,9.182,-1.3546,-6.1871,-4.8325
Cr,9,3d_TM,25,0.03175,8.9046,-0.9491,-5.3207,-4.3716
Cr,9,3d_TM,26,0.04116,8.9542,-1.0933,-5.7142,-4.6209
Cr,9,3d_TM,27,0.05629,9.0853,-1.3554,-6.1941,-4.8387
Cr,9,3d_TM,28,0.05425,8.8299,-1.3438,-6.2079,-4.8641
Cr,9,3d_TM,29,0.06314,9.1198,-1.4878,-6.31,-4.8222
Cr,9,3d_TM,30,0.05409,8.7301,-1.3289,-5.9803,-4.6514
Cr,9,3d_TM,31,0.05132,9.0373,-1.2786,-5.919,-4.6404
Cr,9,3d_TM,32,0.06233,8.7442,-1.4453,-6.2904,-4.8451
Cr,9,3d_TM,33,0.05201,8.9413,-1.3097,-6.1027,-4.793
Cr,9,3d_TM,34,0.05267,9.2611,-1.2914,-5.8702,-4.5788
Cr,9,3d_TM,35,0.04582,8.8448,-1.1961,-5.8342,-4.6381
Cr,9,3d_TM,36,0.034,9.1901,-0.9857,-5.6637,-4.678
Cr,9,3d_TM,37,0.05567,8.7195,-1.36,-6.1712,-4.8112
Cr,9,3d_TM,38,0.05042,8.8741,-1.261,-5.9824,-4.7214
Cr,9,3d_TM,39,0.04153,8.661,-1.1178,-5.7611,-4.6433
Re,10,Other_TM,0,0.0423,10.205,-4.3846,-8.9414,-4.5568
Re,10,Other_TM,1,0.0499,10.2886,-5.0659,-9.6275,-4.5616
Re,10,Other_TM,2,0.04881,9.7015,-4.9774,-9.6287,-4.6513
Re,10,Other_TM,3,0.04995,10.2799,-5.1243,-9.7158,-4.5915
Re,10,Other_TM,4,0.04348,10.2689,-4.5166,-9.1659,-4.6493
Re,10,Other_TM,5,0.05807,9.9269,-5.8091,-10.5707,-4.7616
Re,10,Other_TM,6,0.04624,9.7594,-4.7573,-9.453,-4.6957
Re,10,Other_TM,7,0.04116,9.9513,-4.2946,-8.8886,-4.594
Re,10,Other_TM,8,0.05174,9.7962,-5.2476,-10.0266,-4.779
Re,10,Other_TM,9,0.05322,10.1253,-5.3446,-10.0244,-4.6798
Re,10,Other_TM,10,0.03975,10.1352,-4.1825,-8.8562,-4.6737
Re,10,Other_TM,11,0.05437,9.9135,-5.4699,-10.1892,-4.7193
Re,10,Other_TM,12,0.02417,9.8181,-2.7355,-7.1758,-4.4403
Re,10,Other_TM,13,0.05463,10.1217,-5.528,-10.1741,-4.6461
Re,10,Other_TM,14,0.03856,9.8397,-4.0322,-8.5385,-4.5063
Re,10,Other_TM,15,0.06063,9.7644,-6.0094,-10.7081,-4.6987
Re,10,Other_TM,16,0.03378,10.1732,-3.594,-8.0655,-4.4715
Re,10,Other_TM,17,0.05304,9.8034,-5.3596,-10.2163,-4.8567
Re,10,Other_TM,18,0.05974,9.6807,-5.9306,-10.7321,-4.8015
Re,10,Other_TM,19,0.03402,10.0157,-3.6169,-8.1504,-4.5335
Re,10,Other_TM,20,0.03842,9.6617,-4.0655,-8.7892,-4.7237
Re,10,Other_TM,21,0.04909,9.7987,-4.9988,-9.6861,-4.6873
Re,10,Other_TM,22,0.05269,10.2239,-5.3157,-10.136,-4.8203
Re,10,Other_TM,23,0.05666,9.8335,-5.7,-10.3841,-4.6841
Re,10,Other_TM,24,0.05915,10.1858,-5.8943,-10.77,-4.8757
Re,10,Other_TM,25,0.05297,10.0447,-5.3782,-10.0866,-4.7084
Re,10,Other_TM,26,0.05436,10.0761,-5.47,-10.173,-4.703
Re,10,Other_TM,27,0.04928,9.7371,-4.9997,-9.674,-4.6743
Re,10,Other_TM,28,0.05748,9.9312,-5.75,-10.4542,-4.7042
Re,10,Other_TM,29,0.03848,10.1417,-4.0516,-8.7713,-4.7197
Re,10,Other_TM,30,0.05297,10.057,-5.3401,-9.9668,-4.6267
Re,10,Other_TM,31,0.06064,10.228,-6.0255,-10.8676,-4.8421
Re,10,Other_TM,32,0.05818,10.0747,-5.8566,-10.5679,-4.7113
Re,10,Other_TM,33,0.04256,9.7891,-4.3985,-8.9973,-4.5988
Re,10,Other_TM,34,0.04927,9.9223,-5.0397,-9.7994,-4.7597
Re,10,Other_TM,35,0.05695,9.8345,-5.7255,-10.4726,-4.7471
Re,10,Other_TM,36,0.05301,10.2575,-5.3648,-10.1401,-4.7753
Re,10,Other_TM,37,0.04364,10.0133,-4.5413,-9.266,-4.7247
Re,10,Other_TM,38,0.05163,9.851,-5.2468,-9.9764,-4.7296
Re,10,Other_TM,39,0.0597,10.1819,-5.932,-10.803,-4.871
Au,11,Other_TM,0,0.04949,11.0678,-3.4334,-8.023,-4.5896
Au,11,Other_TM,1,0.05316,11.0023,-3.6871,-8.4046,-4.7175
Au,11,Other_TM,2,0.04843,11.2293,-3.417,-8.1375,-4.7205
Au,11,Other_TM,3,0.03518,10.6508,-2.6345,-7.209,-4.5745
Au,11,Other_TM,4,0.04323,10.6689,-3.086,-7.6811,-4.5951
Au,11,Other_TM,5,0.05357,11.1896,-3.703,-8.501,-4.798
Au,11,Other_TM,6,0.03781,10.9888,-2.7644,-7.367,-4.6026
Au,11,Other_TM,7,0.06713,11.2319,-4.5084,-9.4875,-4.9791
Au,11,Other_TM,8,0.03287,11.0835,-2.4864,-7.0825,-4.5961
Au,11,Other_TM,9,0.03553,10.9461,-2.6478,-7.26,-4.6122
Au,11,Other_TM,10,0.04153,10.6688,-2.9873,-7.7262,-4.7389
Au,11,Other_TM,11,0.04671,11.2291,-3.3337,-7.9213,-4.5876
Au,11,Other_TM,12,0.05913,10.9483,-4.0562,-8.912,-4.8558
Au,11,Other_TM,13,0.03857,10.9255,-2.8141,-7.532,-4.7179
Au,11,Other_TM,14,0.05289,11.3242,-3.6794,-8.4926,-4.8132
Au,11,Other_TM,15,0.05661,10.973,-3.8695,-8.6129,-4.7434
Au,11,Other_TM,16,0.04102,10.6966,-2.9617,-7.6803,-4.7186
Au,11,Other_TM,17,0.05323,10.8425,-3.7197,-8.501,-4.7813
Au,11,Other_TM,18,0.07796,10.7545,-5.0959,-9.9976,-4.9017
Au,11,Other_TM,19,0.03486,11.1942,-2.5848,-7.1657,-4.5809
Au,11,Other_TM,20,0.05613,11.1803,-3.8564,-8.6182,-4.7618
Au,11,Other_TM,21,0.0439,11.3413,-3.1212,-7.7799,-4.6587
Au,11,Other_TM,22,0.0545,11.0866,-3.7861,-8.578,-4.7919
Au,11,Other_TM,23,0.03693,11.3131,-2.749,-7.3366,-4.5876
Au,11,Other_TM,24,0.05927,10.7041,-4.038,-8.8819,-4.8439
Au,11,Other_TM,25,0.04999,10.9868,-3.5237,-8.2627,-4.739
Au,11,Other_TM,26,0.04547,10.8368,-3.2608,-8.0084,-4.7476
Au,11,Other_TM,27,0.05094,11.1467,-3.5577,-8.2059,-4.6482
Au,11,Other_TM,28,0.06089,11.1207,-4.1779,-9.0154,-4.8375
Au,11,Other_TM,29,0.0623,10.9044,-4.2403,-9.0066,-4.7663
Au,11,Other_TM,30,0.04798,11.3341,-3.3925,-8.0945,-4.702
Au,11,Other_TM,31,0.04689,11.2015,-3.319,-8.0358,-4.7168
Au,11,Other_TM,32,0.05939,10.8417,-4.0705,-8.9449,-4.8744
Au,11,Other_TM,33,0.05228,11.1665,-3.6234,-8.3939,-4.7705
Au,11,Other_TM,34,0.04903,10.7303,-3.4351,-8.137,-4.7019
Au,11,Other_TM,35,0.05327,10.9184,-3.7346,-8.4582,-4.7236
Au,11,Other_TM,36,0.0519,11.2723,-3.6246,-8.3244,-4.6998
Au,11,Other_TM,37,0.04938,11.2365,-3.4856,-8.242,-4.7564
Au,11,Other_TM,38,0.05028,10.6779,-3.5064,-8.2144,-4.708
Au,11,Other_TM,39,0.04071,11.0735,-2.9418,-7.5129,-4.5711
Zr,12,Other_TM,0,0.06157,11.7256,-1.8043,-6.5831,-4.7788
Zr,12,Other_TM,1,0.04967,11.8463,-1.5354,-6.2245,-4.6891
Zr,12,Other_TM,2,0.04808,11.6752,-1.5067,-6.2457,-4.739
Zr,12,Other_TM,3,0.05849,11.8258,-1.7286,-6.396,-4.6674
Zr,12,Other_TM,4,0.03872,12.0299,-1.3049,-5.973,-4.6681
Zr,12,Other_TM,5,0.04925,11.9598,-1.5262,-6.2588,-4.7326
Zr,12,Other_TM,6,0.05628,12.3008,-1.6818,-6.6061,-4.9243
Zr,12,Other_TM,7,0.06148,12.3345,-1.798,-6.4936,-4.6956
Zr,12,Other_TM,8,0.05672,12.226,-1.6915,-6.233,-4.5415
Zr,12,Other_TM,9,0.04975,11.6644,-1.532,-6.1479,-4.6159
Zr,12,Other_TM,10,0.03981,12.0156,-1.3226,-5.9673,-4.6447
Zr,12,Other_TM,11,0.05879,12.0905,-1.7427,-6.4173,-4.6746
Zr,12,Other_TM,12,0.04512,11.8446,-1.431,-5.9742,-4.5432
Zr,12,Other_TM,13,0.04152,11.6978,-1.3534,-5.9656,-4.6122
Zr,12,Other_TM,14,0.03815,11.6515,-1.2882,-5.8662,-4.578
Zr,12,Other_TM,15,0.04544,11.6893,-1.4443,-6.1081,-4.6638
Zr,12,Other_TM,16,0.05436,11.8346,-1.6466,-6.4421,-4.7955
Zr,12,Other_TM,17,0.05251,11.6986,-1.5968,-6.27,-4.6732
Zr,12,Other_TM,18,0.04761,11.7289,-1.4926,-6.149,-4.6564
Zr,12,Other_TM,19,0.03798,11.8043,-1.2749,-5.8406,-4.5657
Zr,12,Other_TM,20,0.0455,11.6977,-1.4439,-6.19,-4.7461
Zr,12,Other_TM,21,0.04507,12.1112,-1.4421,-6.0299,-4.5878
Zr,12,Other_TM,22,0.05926,12.27,-1.751,-6.4783,-4.7273
Zr,12,Other_TM,23,0.04595,11.6767,-1.4624,-6.2306,-4.7682
Zr,12,Other_TM,24,0.04566,11.9237,-1.4433,-6.0695,-4.6262
Zr,12,Other_TM,25,0.04782,12.3481,-1.4911,-6.1896,-4.6985
Zr,12,Other_TM,26,0.0622,11.7281,-1.8076,-6.557,-4.7494
Zr,12,Other_TM,27,0.0525,12.0729,-1.5908,-6.3424,-4.7516
Zr,12,Other_TM,28,0.04905,11.6747,-1.5306,-6.2325,-4.7019
Zr,12,Other_TM,29,0.03932,11.6502,-1.3097,-5.8738,-4.5641
Zr,12,Other_TM,30,0.04615,12.3318,-1.4564,-6.0297,-4.5733
Zr,12,Other_TM,31,0.04235,12.3171,-1.3749,-6.0841,-4.7092
Zr,12,Other_TM,32,0.04822,11.8792,-1.5098,-6.1814,-4.6716
Zr,12,Other_TM,33,0.05271,12.2468,-1.6144,-6.3532,-4.7388
Zr,12,Other_TM,34,0.04057,11.9684,-1.3405,-6.0166,-4.6761
Zr,12,Other_TM,35,0.04445,11.8195,-1.4266,-6.1372,-4.7106
Zr,12,Other_TM,36,0.05973,11.8159,-1.7605,-6.4041,-4.6436
Zr,12,Other_TM,37,0.04703,11.696,-1.4808,-6.0472,-4.5664
Zr,12,Other_TM,38,0.05367,12.2337,-1.6291,-6.3695,-4.7404
Zr,12,Other_TM,39,0.03858,12.3488,-1.2968,-5.9686,-4.6718
W,13,Other_TM,0,0.05496,13.1914,-1.8864,-6.6607,-4.7743
W,13,Other_TM,1,0.06013,12.9705,-2.0435,-6.7543,-4.7108
W,13,Other_TM,2,0.0321,13.1743,-1.2752,-5.8349,-4.5597
W,13,Other_TM,3,0.03934,12.919,-1.4891,-6.1619,-4.6728
W,13,Other_TM,4,0.04062,12.6619,-1.4996,-6.2044,-4.7048
W,13,Other_TM,5,0.04867,12.901,-1.734,-6.3426,-4.6086
W,13,Other_TM,6,0.04633,12.889,-1.6865,-6.4162,-4.7297
W,13,Other_TM,7,0.04684,13.2876,-1.7015,-6.4761,-4.7746
W,13,Other_TM,8,0.03731,12.857,-1.423,-5.9752,-4.5522
W,13,Other_TM,9,0.05053,12.9179,-1.785,-6.3857,-4.6007
W,13,Other_TM,10,0.06414,12.7071,-2.1494,-7.0162,-4.8668
W,13,Other_TM,11,0.04437,13.1175,-1.5829,-6.1491,-4.5662
W,13,Other_TM,12,0.03902,12.8795,-1.5052,-6.2174,-4.7122
W,13,Other_TM,13,0.05464,13.1975,-1.8955,-6.6037,-4.7082
W,13,Other_TM,14,0.04524,12.9523,-1.6524,-6.3078,-4.6554
W,13,Other_TM,15,0.03962,13.2976,-1.4724,-6.1104,-4.638
W,13,Other_TM,16,0.04926,12.7317,-1.7586,-6.3422,-4.5836
W,13,Other_TM,17,0.04139,13.261,-1.5449,-6.211,-4.6661
W,13,Other_TM,18,0.04992,13.0288,-1.769,-6.2992,-4.5302
W,13,Other_TM,19,0.04797,13.0265,-1.7592,-6.5321,-4.7729
W,13,Other_TM,20,0.05459,12.8724,-1.9045,-6.6804,-4.7759
W,13,Other_TM,21,0.0418,12.8695,-1.5941,-6.3307,-4.7366
W,13,Other_TM,22,0.04246,13.1663,-1.6023,-6.2906,-4.6883
W,13,Other_TM,23,0.04725,13.3145,-1.7315,-6.5378,-4.8063
W,13,Other_TM,24,0.04052,12.8952,-1.519,-6.0313,-4.5123
W,13,Other_TM,25,0.03836,13.318,-1.4568,-6.0785,-4.6217
W,13,Other_TM,26,0.05166,12.705,-1.8342,-6.541,-4.7068
W,13,Other_TM,27,0.04186,13.3183,-1.5641,-6.1704,-4.6063
W,13,Other_TM,28,0.05821,12.7076,-2.0017,-6.7612,-4.7595
W,13,Other_TM,29,0.03942,13.1691,-1.4965,-6.0481,-4.5516
W,13,Other_TM,30,0.04559,13.2826,-1.6521,-6.3299,-4.6778
W,13,Other_TM,31,0.04807,12.7238,-1.7395,-6.4151,-4.6756
W,13,Other_TM,32,0.05533,12.8534,-1.8883,-6.6826,-4.7943
W,13,Other_TM,33,0.04082,13.0359,-1.5313,-6.2646,-4.7333
W,13,Other_TM,34,0.05236,13.065,-1.8265,-6.4551,-4.6286
W,13,Other_TM,35,0.05475,12.8963,-1.8807,-6.5337,-4.653
W,13,Other_TM,36,0.05756,12.7687,-1.9549,-6.6753,-4.7204
W,13,Other_TM,37,0.04359,13.2781,-1.6198,-6.3196,-4.6998
W,13,Other_TM,38,0.043,13.1027,-1.6048,-6.3542,-4.7494
W,13,Other_TM,39,0.04552,12.9432,-1.6574,-6.4006,-4.7432
Hf,14,Other_TM,0,0.061,13.896,-1.2111,-6.0932,-4.8821
Hf,14,Other_TM,1,0.03527,14.279,-0.8879,-5.6063,-4.7184
Hf,14,Other_TM,2,0.05799,14.0491,-1.1769,-5.9466,-4.7697
Hf,14,Other_TM,3,0.03783,13.7777,-0.9197,-5.4283,-4.5086
Hf,14,Other_TM,4,0.04261,13.7609,-0.9696,-5.5079,-4.5383
Hf,14,Other_TM,5,0.04558,13.9263,-1.0116,-5.6393,-4.6277
Hf,14,Other_TM,6,0.04956,14.1903,-1.0638,-5.6897,-4.6259
Hf,14,Other_TM,7,0.05922,14.0995,-1.1847,-5.9833,-4.7986
Hf,14,Other_TM,8,0.03904,13.8923,-0.93,-5.509,-4.579
Hf,14,Other_TM,9,0.0459,14.2811,-1.0155,-5.7299,-4.7144
Hf,14,Other_TM,10,0.04724,13.7584,-1.0337,-5.6897,-4.656
Hf,14,Other_TM,11,0.06522,14.2817,-1.2681,-6.2037,-4.9356
Hf,14,Other_TM,12,0.04399,14.0402,-0.9887,-5.6902,-4.7015
Hf,14,Other_TM,13,0.04683,13.7697,-1.0275,-5.5939,-4.5664
Hf,14,Other_TM,14,0.04837,14.2559,-1.0473,-5.6503,-4.603
Hf,14,Other_TM,15,0.05372,14.2111,-1.1211,-5.8589,-4.7378
Hf,14,Other_TM,16,0.05956,14.1391,-1.1878,-5.937,-4.7492
Hf,14,Other_TM,17,0.05124,14.2082,-1.0871,-5.7869,-4.6998
Hf,14,Other_TM,18,0.06151,13.8203,-1.2205,-5.9582,-4.7377
Hf,14,Other_TM,19,0.04526,13.7973,-1.0042,-5.8062,-4.802
Hf,14,Other_TM,20,0.05629,14.2934,-1.146,-5.8334,-4.6874
Hf,14,Other_TM,21,0.04702,13.8531,-1.0404,-5.5121,-4.4717
Hf,14,Other_TM,22,0.03619,14.3294,-0.8809,-5.5917,-4.7108
Hf,14,Other_TM,23,0.0442,14.22,-0.9905,-5.6924,-4.7019
Hf,14,Other_TM,24,0.04334,13.9192,-0.9902,-5.6577,-4.6675
Hf,14,Other_TM,25,0.06344,14.0738,-1.2488,-6.0597,-4.8109
Hf,14,Other_TM,26,0.05149,14.3352,-1.0898,-5.7386,-4.6488
Hf,14,Other_TM,27,0.05504,14.3279,-1.1424,-5.8023,-4.6599
Hf,14,Other_TM,28,0.07317,13.9161,-1.3737,-6.2932,-4.9195
Hf,14,Other_TM,29,0.04252,13.9266,-0.966,-5.713,-4.747
Hf,14,Other_TM,30,0.05007,13.7549,-1.0786,-5.8028,-4.7242
Hf,14,Other_TM,31,0.0464,13.9085,-1.0199,-5.8278,-4.8079
Hf,14,Other_TM,32,0.05573,14.1223,-1.1404,-5.7593,-4.6189
Hf,14,Other_TM,33,0.0533,14.0705,-1.1135,-5.9344,-4.8209
Hf,14,Other_TM,34,0.06294,14.0209,-1.2425,-6.06,-4.8175
Hf,14,Other_TM,35,0.03051,14.1292,-0.8047,-5.2169,-4.4122
Hf,14,Other_TM,36,0.04637,14.0601,-1.0182,-5.6948,-4.6766
Hf,14,Other_TM,37,0.04324,13.974,-0.9932,-5.5636,-4.5704
Hf,14,Other_TM,38,0.05824,14.3028,-1.1823,-5.9437,-4.7614
Hf,14,Other_TM,39,0.06256,13.9339,-1.2284,-5.9887,-4.7603
Mo,15,Other_TM,0,0.05411,15.2634,-1.3128,-6.0454,-4.7326
Mo,15,Other_TM,1,0.05891,15.3045,-1.4027,-6.2038,-4.8011
Mo,15,Other_TM,2,0.05097,14.9047,-1.2664,-5.8279,-4.5615
Mo,15,Other_TM,3,0.04023,14.9306,-1.1014,-5.7058,-4.6044
Mo,15,Other_TM,4,0.03786,15.1286,-1.0596,-5.5391,-4.4795
Mo,15,Other_TM,5,0.05639,14.6936,-1.37,-6.2089,-4.8389
Mo,15,Other_TM,6,0.05168,15.1029,-1.2929,-5.9355,-4.6426
Mo,15,Other_TM,7,0.04424,14.7837,-1.1436,-5.6343,-4.4907
Mo,15,Other_TM,8,0.04618,15.0177,-1.2131,-5.842,-4.6289
Mo,15,Other_TM,9,0.04729,15.2117,-1.2142,-5.8566,-4.6424
Mo,15,Other_TM,10,0.05658,14.681,-1.3805,-6.0187,-4.6382
Mo,15,Other_TM,11,0.04452,14.7448,-1.1672,-5.8257,-4.6585
Mo,15,Other_TM,12,0.05563,14.7482,-1.3445,-6.1779,-4.8334
Mo,15,Other_TM,13,0.05079,14.8851,-1.2854,-5.8895,-4.6041
Mo,15,Other_TM,14,0.0463,15.0203,-1.1828,-5.9199,-4.7371
Mo,15,Other_TM,15,0.05473,15.328,-1.3245,-5.9096,-4.5851
Mo,15,Other_TM,16,0.04124,14.8384,-1.1023,-5.6547,-4.5524
Mo,15,Other_TM,17,0.04252,15.078,-1.1231,-5.7792,-4.6561
Mo,15,Other_TM,18,0.05641,15.3135,-1.3628,-6.0873,-4.7245
Mo,15,Other_TM,19,0.06636,15.0208,-1.5275,-6.3817,-4.8542
Mo,15,Other_TM,20,0.05552,15.0966,-1.3215,-6.094,-4.7725
Mo,15,Other_TM,21,0.04382,15.157,-1.1601,-5.8276,-4.6675
Mo,15,Other_TM,22,0.05934,15.2996,-1.3999,-6.0542,-4.6543
Mo,15,Other_TM,23,0.05348,14.9986,-1.2907,-6.0742,-4.7835
Mo,15,Other_TM,24,0.05466,15.0283,-1.3179,-6.0194,-4.7015
Mo,15,Other_TM,25,0.04722,15.099,-1.2169,-5.8693,-4.6524
Mo,15,Other_TM,26,0.04828,15.2197,-1.2179,-5.8957,-4.6778
Mo,15,Other_TM,27,0.06372,14.7557,-1.4578,-6.1777,-4.7199
Mo,15,Other_TM,28,0.04685,15.3183,-1.2201,-5.7399,-4.5198
Mo,15,Other_TM,29,0.0507,14.8586,-1.2574,-6.0972,-4.8398
Mo,15,Other_TM,30,0.0701,14.9866,-1.5806,-6.3434,-4.7628
Mo,15,Other_TM,31,0.06012,15.306,-1.4436,-6.114,-4.6704
Mo,15,Other_TM,32,0.05293,14.7913,-1.2855,-6.0225,-4.737
Mo,15,Other_TM,33,0.03613,14.8516,-1.0314,-5.4943,-4.4629
Mo,15,Other_TM,34,0.06271,14.7743,-1.4531,-6.2545,-4.8014
Mo,15,Other_TM,35,0.04413,15.0242,-1.1662,-5.8322,-4.666
Mo,15,Other_TM,36,0.05307,15.256,-1.272,-5.927,-4.655
Mo,15,Other_TM,37,0.05671,14.7728,-1.362,-6.0637,-4.7017
Mo,15,Other_TM,38,0.04529,15.0709,-1.1883,-5.8887,-4.7004
Mo,15,Other_TM,39,0.05191,14.9832,-1.2909,-6.0693,-4.7784
Ce,16,RE_Group3,0,0.05474,15.7573,-3.3678,-8.211,-4.8432
Ce,16,RE_Group3,1,0.05489,16.0592,-3.3751,-8.1224,-4.7473
Ce,16,RE_Group3,2,0.05556,15.6567,-3.4027,-8.1063,-4.7036
Ce,16,RE_Group3,3,0.05622,15.7954,-3.4328,-8.1595,-4.7267
Ce,16,RE_Group3,4,0.04883,15.9953,-3.0516,-7.6936,-4.642
Ce,16,RE_Group3,5,0.04909,15.781,-3.0711,-7.8919,-4.8208
Ce,16,RE_Group3,6,0.05752,16.2278,-3.5045,-8.3046,-4.8001
Ce,16,RE_Group3,7,0.06197,16.2606,-3.7366,-8.618,-4.8814
Ce,16,RE_Group3,8,0.05557,15.9789,-3.4027,-8.1474,-4.7447
Ce,16,RE_Group3,9,0.03509,15.8008,-2.3242,-6.6338,-4.3096
Ce,16,RE_Group3,10,0.03936,15.6571,-2.5558,-7.0444,-4.4886
Ce,16,RE_Group3,11,0.05303,16.0982,-3.275,-8.1288,-4.8538
Ce,16,RE_Group3,12,0.04012,15.8168,-2.6045,-7.291,-4.6865
Ce,16,RE_Group3,13,0.04578,16.1339,-2.896,-7.5008,-4.6048
Ce,16,RE_Group3,14,0.05228,15.9551,-3.2388,-7.8971,-4.6583
Ce,16,RE_Group3,15,0.0409,15.6997,-2.6465,-7.1425,-4.496
Ce,16,RE_Group3,16,0.049,16.2708,-3.0656,-7.7932,-4.7276
Ce,16,RE_Group3,17,0.02757,16.1644,-1.9181,-6.4415,-4.5234
Ce,16,RE_Group3,18,0.05838,16.1007,-3.5487,-8.1461,-4.5974
Ce,16,RE_Group3,19,0.05092,16.0344,-3.1657,-7.8755,-4.7098
Ce,16,RE_Group3,20,0.06135,16.1911,-3.7042,-8.438,-4.7338
Ce,16,RE_Group3,21,0.04585,15.7004,-2.9041,-7.5885,-4.6844
Ce,16,RE_Group3,22,0.05489,15.9146,-3.371,-8.1744,-4.8034
Ce,16,RE_Group3,23,0.05814,16.0821,-3.5313,-8.2149,-4.6836
Ce,16,RE_Group3,24,0.05077,15.8168,-3.1682,-7.9231,-4.7549
Ce,16,RE_Group3,25,0.05254,15.6835,-3.2497,-7.8406,-4.5909
Ce,16,RE_Group3,26,0.05333,15.9817,-3.283,-7.875,-4.592
Ce,16,RE_Group3,27,0.0477,15.7654,-3.0021,-7.7039,-4.7018
Ce,16,RE_Group3,28,0.05192,15.8718,-3.2188,-7.9166,-4.6978
Ce,16,RE_Group3,29,0.03279,15.7428,-2.2011,-6.7626,-4.5615
Ce,16,RE_Group3,30,0.04526,15.9043,-2.8744,-7.6176,-4.7432
Ce,16,RE_Group3,31,0.04842,16.2337,-3.0435,-7.8023,-4.7588
Ce,16,RE_Group3,32,0.06197,16.3019,-3.7278,-8.5889,-4.8611
Ce,16,RE_Group3,33,0.05296,16.0072,-3.2811,-8.1704,-4.8893
Ce,16,RE_Group3,34,0.04869,15.6675,-3.0507,-7.7727,-4.722
Ce,16,RE_Group3,35,0.04924,16.1,-3.071,-7.8446,-4.7736
Ce,16,RE_Group3,36,0.05817,15.9909,-3.548,-8.2897,-4.7417
Ce,16,RE_Group3,37,0.05398,15.8643,-3.3194,-8.0111,-4.6917
Ce,16,RE_Group3,38,0.04622,16.0105,-2.9153,-7.4986,-4.5833
Ce,16,RE_Group3,39,0.04076,15.7859,-2.6313,-7.3127,-4.6814
La,17,RE_Group3,0,0.04326,16.8247,-2.7668,-7.4915,-4.7247
La,17,RE_Group3,1,0.06301,17.2677,-3.7798,-8.5021,-4.7223
La,17,RE_Group3,2,0.06967,17.2941,-4.1134,-8.9728,-4.8594
La,17,RE_Group3,3,0.05326,17.1666,-3.2892,-7.9444,-4.6552
La,17,RE_Group3,4,0.04538,16.8711,-2.8767,-7.6494,-4.7727
La,17,RE_Group3,5,0.02905,16.8575,-2.0063,-6.5099,-4.5036
La,17,RE_Group3,6,0.03672,17.2222,-2.4175,-7.0791,-4.6616
La,17,RE_Group3,7,0.05514,16.9747,-3.373,-8.0198,-4.6468
La,17,RE_Group3,8,0.05257,16.6628,-3.2507,-7.9723,-4.7216
La,17,RE_Group3,9,0.04641,16.7297,-2.9228,-7.5707,-4.6479
La,17,RE_Group3,10,0.05552,17.2997,-3.4055,-8.161,-4.7555
La,17,RE_Group3,11,0.04093,17.2103,-2.6412,-7.308,-4.6668
La,17,RE_Group3,12,0.05333,17.1984,-3.2868,-8.0611,-4.7743
La,17,RE_Group3,13,0.05649,16.7602,-3.4551,-8.2441,-4.789
La,17,RE_Group3,14,0.04698,17.1995,-2.9524,-7.4077,-4.4553
La,17,RE_Group3,15,0.05162,17.3087,-3.1997,-7.9888,-4.7891
La,17,RE_Group3,16,0.04898,17.3237,-3.0648,-7.7429,-4.6781
La,17,RE_Group3,17,0.04706,17.2068,-2.964,-7.5543,-4.5903
La,17,RE_Group3,18,0.05698,16.9291,-3.4793,-8.3376,-4.8583
La,17,RE_Group3,19,0.04375,17.0313,-2.7903,-7.5574,-4.7671
La,17,RE_Group3,20,0.04177,16.9657,-2.6945,-7.3223,-4.6278
La,17,RE_Group3,21,0.04949,16.9998,-3.0923,-7.8779,-4.7856
La,17,RE_Group3,22,0.05943,17.0848,-3.6041,-8.4232,-4.8191
La,17,RE_Group3,23,0.05653,17.0004,-3.4507,-8.2588,-4.8081
La,17,RE_Group3,24,0.04563,16.6872,-2.8832,-7.5419,-4.6587
La,17,RE_Group3,25,0.05868,17.1446,-3.5637,-8.3777,-4.814
La,17,RE_Group3,26,0.05253,17.3362,-3.242,-7.7962,-4.5542
La,17,RE_Group3,27,0.04866,16.9696,-3.0442,-7.6949,-4.6507
La,17,RE_Group3,28,0.03921,16.8681,-2.5478,-7.2186,-4.6708
La,17,RE_Group3,29,0.0342,17.1848,-2.2814,-6.9182,-4.6368
La,17,RE_Group3,30,0.05207,16.7537,-3.2235,-7.9689,-4.7454
La,17,RE_Group3,31,0.05791,16.9531,-3.5245,-8.3176,-4.7931
La,17,RE_Group3,32,0.05888,16.9355,-3.5678,-8.2401,-4.6723
La,17,RE_Group3,33,0.06384,17.3099,-3.8196,-8.6868,-4.8672
La,17,RE_Group3,34,0.04939,16.7328,-3.0911,-7.868,-4.7769
La,17,RE_Group3,35,0.05355,17.0675,-3.3007,-8.1537,-4.853
La,17,RE_Group3,36,0.04628,17.0393,-2.9289,-7.5918,-4.6629
La,17,RE_Group3,37,0.04122,16.8951,-2.6566,-7.2579,-4.6013
La,17,RE_Group3,38,0.06466,17.2164,-3.8797,-8.8096,-4.9299
La,17,RE_Group3,39,0.05483,17.1488,-3.3674,-8.1876,-4.8202
Y,18,RE_Group3,0,0.04969,18.3141,-2.3431,-7.1083,-4.7652
Y,18,RE_Group3,1,0.06368,18.2542,-2.8607,-7.5953,-4.7346
Y,18,RE_Group3,2,0.04923,18.0934,-2.3361,-7.0543,-4.7182
Y,18,RE_Group3,3,0.05932,18.2396,-2.7096,-7.5651,-4.8555
Y,18,RE_Group3,4,0.05862,18.0944,-2.6826,-7.5353,-4.8527
Y,18,RE_Group3,5,0.05922,17.8284,-2.7035,-7.3691,-4.6656
Y,18,RE_Group3,6,0.04841,17.8028,-2.2963,-6.9144,-4.6181
Y,18,RE_Group3,7,0.04684,18.1873,-2.2467,-6.9888,-4.7421
Y,18,RE_Group3,8,0.04081,17.7083,-2.0111,-6.5641,-4.553
Y,18,RE_Group3,9,0.05185,17.9024,-2.4296,-7.1518,-4.7222
Y,18,RE_Group3,10,0.03575,17.9015,-1.82,-6.4833,-4.6633
Y,18,RE_Group3,11,0.04941,17.8253,-2.3399,-7.0724,-4.7325
Y,18,RE_Group3,12,0.05454,17.9854,-2.5304,-7.3596,-4.8292
Y,18,RE_Group3,13,0.04516,17.6709,-2.1757,-6.8299,-4.6542
Y,18,RE_Group3,14,0.04766,17.7611,-2.2795,-6.9311,-4.6516
Y,18,RE_Group3,15,0.06032,17.9686,-2.7428,-7.4401,-4.6973
Y,18,RE_Group3,16,0.03893,17.8484,-1.932,-6.5538,-4.6218
Y,18,RE_Group3,17,0.04408,18.2023,-2.1343,-6.8932,-4.7589
Y,18,RE_Group3,18,0.04927,18.183,-2.3402,-7.0958,-4.7556
Y,18,RE_Group3,19,0.04066,18.1331,-2.0085,-6.5935,-4.585
Y,18,RE_Group3,20,0.06191,18.0442,-2.8003,-7.7024,-4.9021
Y,18,RE_Group3,21,0.05574,17.6952,-2.579,-7.4181,-4.8391
Y,18,RE_Group3,22,0.04545,18.1924,-2.2003,-7.1534,-4.9531
Y,18,RE_Group3,23,0.05863,18.2858,-2.6842,-7.4939,-4.8097
Y,18,RE_Group3,24,0.04847,18.0968,-2.3124,-6.8859,-4.5735
Y,18,RE_Group3,25,0.06831,18.0332,-3.0338,-7.8565,-4.8227
Y,18,RE_Group3,26,0.0317,18.0615,-1.6612,-6.2201,-4.5589
Y,18,RE_Group3,27,0.04422,17.8859,-2.1494,-6.816,-4.6666
Y,18,RE_Group3,28,0.04635,18.1054,-2.2253,-6.7944,-4.5691
Y,18,RE_Group3,29,0.04375,17.7828,-2.1283,-6.7124,-4.5841
Y,18,RE_Group3,30,0.04232,17.9895,-2.0737,-6.7584,-4.6847
Y,18,RE_Group3,31,0.0613,17.9314,-2.7785,-7.5776,-4.7991
Y,18,RE_Group3,32,0.04575,18.3077,-2.1909,-6.6846,-4.4937
Y,18,RE_Group3,33,0.04396,18.125,-2.1242,-6.8643,-4.7401
Y,18,RE_Group3,34,0.05608,17.8181,-2.5911,-7.2588,-4.6677
Y,18,RE_Group3,35,0.04658,17.9066,-2.2289,-6.9022,-4.6733
Y,18,RE_Group3,36,0.05492,17.8271,-2.5364,-7.2321,-4.6957
Y,18,RE_Group3,37,0.05758,17.9901,-2.631,-7.2661,-4.6351
Y,18,RE_Group3,38,0.04709,18.1529,-2.2522,-6.9644,-4.7122
Y,18,RE_Group3,39,0.04701,17.7321,-2.2513,-6.9687,-4.7174
Sc,19,RE_Group3,0,0.03944,19.142,-1.7936,-6.4848,-4.6912
Sc,19,RE_Group3,1,0.0465,18.9473,-2.0201,-6.6482,-4.6281
Sc,19,RE_Group3,2,0.05733,18.9046,-2.3855,-7.0422,-4.6567
Sc,19,RE_Group3,3,0.04447,19.136,-1.9544,-6.5278,-4.5734
Sc,19,RE_Group3,4,0.04482,18.7212,-1.9669,-6.6023,-4.6354
Sc,19,RE_Group3,5,0.06068,18.6566,-2.4878,-7.0305,-4.5427
Sc,19,RE_Group3,6,0.05622,19.1638,-2.3444,-7.0889,-4.7445
Sc,19,RE_Group3,7,0.04112,19.2502,-1.8509,-6.4222,-4.5713
Sc,19,RE_Group3,8,0.05286,19.2909,-2.2346,-6.9647,-4.7301
Sc,19,RE_Group3,9,0.05776,18.9353,-2.4015,-7.0604,-4.6589
Sc,19,RE_Group3,10,0.04337,18.7063,-1.9123,-6.4963,-4.584
Sc,19,RE_Group3,11,0.03865,19.239,-1.7522,-6.4808,-4.7286
Sc,19,RE_Group3,12,0.04105,18.8049,-1.8441,-6.5183,-4.6742
Sc,19,RE_Group3,13,0.04168,19.0751,-1.8619,-6.405,-4.5431
Sc,19,RE_Group3,14,0.05548,18.7735,-2.3215,-7.1175,-4.796
Sc,19,RE_Group3,15,0.05248,19.1956,-2.2268,-6.8476,-4.6208
Sc,19,RE_Group3,16,0.04769,19.3217,-2.0621,-6.7458,-4.6837
Sc,19,RE_Group3,17,0.06274,19.3063,-2.5563,-7.2979,-4.7416
Sc,19,RE_Group3,18,0.05641,18.8909,-2.3586,-7.2073,-4.8487
Sc,19,RE_Group3,19,0.03531,19.2493,-1.6486,-6.3578,-4.7092
Sc,19,RE_Group3,20,0.04548,19.0744,-1.986,-6.6757,-4.6897
Sc,19,RE_Group3,21,0.05525,18.7098,-2.3207,-7.1543,-4.8336
Sc,19,RE_Group3,22,0.03734,18.8695,-1.715,-6.3662,-4.6512
Sc,19,RE_Group3,23,0.05202,19.3308,-2.2115,-6.8705,-4.659
Sc,19,RE_Group3,24,0.03795,18.9423,-1.7297,-6.2385,-4.5088
Sc,19,RE_Group3,25,0.04689,18.7816,-2.0385,-6.7459,-4.7074
Sc,19,RE_Group3,26,0.055,19.2445,-2.3078,-7.1253,-4.8175
Sc,19,RE_Group3,27,0.04094,18.8472,-1.8378,-6.4789,-4.6411
Sc,19,RE_Group3,28,0.0354,19.0353,-1.6483,-6.0717,-4.4234
Sc,19,RE_Group3,29,0.05216,18.9582,-2.2126,-7.0654,-4.8528
Sc,19,RE_Group3,30,0.05264,19.1408,-2.2273,-6.7954,-4.5681
Sc,19,RE_Group3,31,0.06428,19.3154,-2.6149,-7.4643,-4.8494
Sc,19,RE_Group3,32,0.04931,18.889,-2.1183,-6.8236,-4.7053
Sc,19,RE_Group3,33,0.0438,19.2447,-1.9284,-6.4293,-4.5009
Sc,19,RE_Group3,34,0.04432,18.9312,-1.9632,-6.5406,-4.5774
Sc,19,RE_Group3,35,0.0402,18.7734,-1.8089,-6.4386,-4.6297
Sc,19,RE_Group3,36,0.04404,19.0342,-1.9401,-6.6326,-4.6925
Sc,19,RE_Group3,37,0.0556,19.2345,-2.3273,-7.1142,-4.7869
Sc,19,RE_Group3,38,0.0595,19.2644,-2.4521,-7.2114,-4.7593
Sc,19,RE_Group3,39,0.06579,18.7417,-2.6511,-7.2916,-4.6405
