Type,Config_ID,Selection_Seed,Selection_Mode,Is_Historical_Anchor,Assignment_B0_to_B7,Assignment_SHA256,Canonical_Class,Class_Degeneracy
Ordered_L12_BSublattice,0,0,all_symmetry_classes,True,Zn|In|Sn|Zn|In|Sn|Ga|Ga,f5e709839ff726a1753abf545c455a602b7c8f9ae6f4a350bdd69fcbba1de0c0,Ga|Ga|In|Sn|Sn|Zn|Zn|In,48
Ordered_L12_BSublattice,1,20260727,all_symmetry_classes,False,Ga|Ga|In|In|Sn|Sn|Zn|Zn,7481d1855f3bcc395c16d4e7602ecc6a545ac77820b7b958b45601f6b5c45124,Ga|Ga|In|In|Sn|Sn|Zn|Zn,24
Ordered_L12_BSublattice,2,20260727,all_symmetry_classes,False,Ga|Ga|In|In|Sn|Zn|Sn|Zn,aebffb73ec2a89e3d98c98e1832feb68d1b2d232547ce3fbae3840e37229ed85,Ga|Ga|In|In|Sn|Zn|Sn|Zn,48
Ordered_L12_BSublattice,3,20260727,all_symmetry_classes,False,Ga|Ga|In|In|Sn|Zn|Zn|Sn,8f0f18ea34f38f46e0a15884e77234f0d19c2ac4a81f06c0190b3d7a067b8345,Ga|Ga|In|In|Sn|Zn|Zn|Sn,48
Ordered_L12_BSublattice,4,20260727,all_symmetry_classes,False,Ga|Ga|In|In|Zn|Zn|Sn|Sn,7d47c95f0f8b508d728729529e4d5dee7bde70a58074ceaf5994b89af03a6ae6,Ga|Ga|In|In|Zn|Zn|Sn|Sn,24
Ordered_L12_BSublattice,5,20260727,all_symmetry_classes,False,Ga|Ga|In|Sn|In|Sn|Zn|Zn,eb8f33b8cafc002fc9aa198aa715f35d5fdf1a67d5b8f5f6b75c58555d5aa503,Ga|Ga|In|Sn|In|Sn|Zn|Zn,24
Ordered_L12_BSublattice,6,20260727,all_symmetry_classes,False,Ga|Ga|In|Sn|In|Zn|Sn|Zn,b9909d1879df5b89b65d86cf83666ba0d53f4419f0955c4b48f6cf4dbeec3649,Ga|Ga|In|Sn|In|Zn|Sn|Zn,48
Ordered_L12_BSublattice,7,20260727,all_symmetry_classes,False,Ga|Ga|In|Sn|In|Zn|Zn|Sn,2a0192b4c20d5487bf1c0de68fd188d43a738d47a99b62d63cac63953305ae01,Ga|Ga|In|Sn|In|Zn|Zn|Sn,48
Ordered_L12_BSublattice,8,20260727,all_symmetry_classes,False,Ga|Ga|In|Sn|Sn|In|Zn|Zn,bacf4a6dca9d5199fb0e4b4e16f3b896da1f9e30de299ea42f45cfbd4e965aaa,Ga|Ga|In|Sn|Sn|In|Zn|Zn,24
Ordered_L12_BSublattice,9,20260727,all_symmetry_classes,False,Ga|Ga|In|Sn|Sn|Zn|In|Zn,bedf85e4e42d9d3d69a4183b93914ff68b7d52b760647f5bbaa7d4395396956d,Ga|Ga|In|Sn|Sn|Zn|In|Zn,48
Ordered_L12_BSublattice,10,20260727,all_symmetry_classes,False,Ga|Ga|In|Sn|Zn|In|Sn|Zn,797821f9a7c7365f617591dc1e691e0f22d669a0574eeb1d7b43b001d4949739,Ga|Ga|In|Sn|Zn|In|Sn|Zn,48
Ordered_L12_BSublattice,11,20260727,all_symmetry_classes,False,Ga|Ga|In|Sn|Zn|In|Zn|Sn,cd01aa821313e191915293d41d816407329355b36a34240b79484873d74101c8,Ga|Ga|In|Sn|Zn|In|Zn|Sn,48
Ordered_L12_BSublattice,12,20260727,all_symmetry_classes,False,Ga|Ga|In|Sn|Zn|Sn|In|Zn,57f09470820d67cf5492030bbb1db613ad10fd52ec0ef491e955d701f5b24a01,Ga|Ga|In|Sn|Zn|Sn|In|Zn,48
Ordered_L12_BSublattice,13,20260727,all_symmetry_classes,False,Ga|Ga|In|Sn|Zn|Sn|Zn|In,3deda2612196d9c88b25b69776c7e763889bcf52516f1c1e0c33bedeeb712865,Ga|Ga|In|Sn|Zn|Sn|Zn|In,48
Ordered_L12_BSublattice,14,20260727,all_symmetry_classes,False,Ga|Ga|In|Sn|Zn|Zn|In|Sn,685cc881041ae8aa39f2bbcf4b5cd6e09220846c1248f5167a1aa48ae19cfdce,Ga|Ga|In|Sn|Zn|Zn|In|Sn,48
Ordered_L12_BSublattice,15,20260727,all_symmetry_classes,False,Ga|Ga|In|Sn|Zn|Zn|Sn|In,ef54bec5901797ca9258e4ca7ff31fff5f7489d2fe5afcf625ad440d1c4dc704,Ga|Ga|In|Sn|Zn|Zn|Sn|In,48
Ordered_L12_BSublattice,16,20260727,all_symmetry_classes,False,Ga|Ga|In|Zn|In|Zn|Sn|Sn,d6fcd390d152268e340a0f48649f1cc1ad51d3a503e99a6b270dee7fe8cd23b5,Ga|Ga|In|Zn|In|Zn|Sn|Sn,24
Ordered_L12_BSublattice,17,20260727,all_symmetry_classes,False,Ga|Ga|In|Zn|Sn|Sn|In|Zn,964a2354585dc2fc6075bd1b6d4a691eef644aeedc172bedee70c80e3811efe3,Ga|Ga|In|Zn|Sn|Sn|In|Zn,48
Ordered_L12_BSublattice,18,20260727,all_symmetry_classes,False,Ga|Ga|In|Zn|Sn|Sn|Zn|In,6078c60c213fa29b76babd10a8316aa7f3215f7e04b896d848d31b297167a929,Ga|Ga|In|Zn|Sn|Sn|Zn|In,48
Ordered_L12_BSublattice,19,20260727,all_symmetry_classes,False,Ga|Ga|In|Zn|Sn|Zn|In|Sn,d2da55086e67fc275b97d9b8e141b9ecb762d1a4e3fbf6074720e4d8bcef9abb,Ga|Ga|In|Zn|Sn|Zn|In|Sn,48
Ordered_L12_BSublattice,20,20260727,all_symmetry_classes,False,Ga|Ga|In|Zn|Sn|Zn|Sn|In,24fef12dc3a30677fb1e9c704980882821c5573ef4859211d2d2f6175c235182,Ga|Ga|In|Zn|Sn|Zn|Sn|In,48
Ordered_L12_BSublattice,21,20260727,all_symmetry_classes,False,Ga|Ga|In|Zn|Zn|In|Sn|Sn,322c9221d54bd3cbe3c7f0e71c4dda77ac5dac96384e5389b959c821da31c3d0,Ga|Ga|In|Zn|Zn|In|Sn|Sn,24
Ordered_L12_BSublattice,22,20260727,all_symmetry_classes,False,Ga|Ga|In|Zn|Zn|Sn|In|Sn,206191f5c66d77b8156e9066587dc1b5307328b5b1181d86e3b1104e2b24694e,Ga|Ga|In|Zn|Zn|Sn|In|Sn,48
Ordered_L12_BSublattice,23,20260727,all_symmetry_classes,False,Ga|Ga|In|Zn|Zn|Sn|Sn|In,df6a5baf9c05bd2a33e820044ca5b580c7259000845142f8a366f9bcae4a40cd,Ga|Ga|In|Zn|Zn|Sn|Sn|In,48
Ordered_L12_BSublattice,24,20260727,all_symmetry_classes,False,Ga|Ga|Sn|Sn|Zn|Zn|In|In,453e2f6c21c3c9c981996a26e2de036664a01a07bc4f18378f1587c181eeea69,Ga|Ga|Sn|Sn|Zn|Zn|In|In,24
Ordered_L12_BSublattice,25,20260727,all_symmetry_classes,False,Ga|Ga|Sn|Zn|Sn|Zn|In|In,ef20df7c1958c2e72f338929fd6b4dce3da7d9041d76393e6e6d661d95745baa,Ga|Ga|Sn|Zn|Sn|Zn|In|In,24
Ordered_L12_BSublattice,26,20260727,all_symmetry_classes,False,Ga|Ga|Sn|Zn|Zn|Sn|In|In,82bfa8ce592cb4f800779d0e4dceb9719a3c4686298434ebe949d927fbafe5b4,Ga|Ga|Sn|Zn|Zn|Sn|In|In,24
Ordered_L12_BSublattice,27,20260727,all_symmetry_classes,False,Ga|In|In|Ga|Sn|Sn|Zn|Zn,28289377c778d17d9924504d82bee5ac40a03a6a99fcc18c59abbef91724c857,Ga|In|In|Ga|Sn|Sn|Zn|Zn,48
Ordered_L12_BSublattice,28,20260727,all_symmetry_classes,False,Ga|In|In|Ga|Sn|Zn|Zn|Sn,257c84bd407c184111f73e2025443a60b1ae3b78e9b09a1e77ff25e4ef90b0c1,Ga|In|In|Ga|Sn|Zn|Zn|Sn,12
Ordered_L12_BSublattice,29,20260727,all_symmetry_classes,False,Ga|In|In|Ga|Zn|Sn|Sn|Zn,88e65bc34148ff53467e7691595971ce3b9115645c37a42568e6149558a2efd7,Ga|In|In|Ga|Zn|Sn|Sn|Zn,12
Ordered_L12_BSublattice,30,20260727,all_symmetry_classes,False,Ga|In|In|Sn|Sn|Ga|Zn|Zn,fa83fa4f83212d41aa4279f6dd4b966465f931926571ce0f2adb28ff462ee1ac,Ga|In|In|Sn|Sn|Ga|Zn|Zn,48
Ordered_L12_BSublattice,31,20260727,all_symmetry_classes,False,Ga|In|In|Sn|Sn|Zn|Zn|Ga,d89ed3f9845598ea29978c86cea1ca58739f13e9e7b1f44363ae4dcb0bfcf74f,Ga|In|In|Sn|Sn|Zn|Zn|Ga,24
Ordered_L12_BSublattice,32,20260727,all_symmetry_classes,False,Ga|In|In|Sn|Zn|Ga|Sn|Zn,b208b888987d1da0b5876af630d8f48eb6cca2c986c45f77bb448b25261fa072,Ga|In|In|Sn|Zn|Ga|Sn|Zn,48
Ordered_L12_BSublattice,33,20260727,all_symmetry_classes,False,Ga|In|In|Sn|Zn|Ga|Zn|Sn,4e57aaab64cbb4337d5350c5a9b0976d1367ba2e1342a6c3492767fcb9f507e1,Ga|In|In|Sn|Zn|Ga|Zn|Sn,48
Ordered_L12_BSublattice,34,20260727,all_symmetry_classes,False,Ga|In|In|Sn|Zn|Sn|Zn|Ga,7a0fc2399f5ab342e50b6f8274fecda52556f3fb41511158b2c0a584816a60ba,Ga|In|In|Sn|Zn|Sn|Zn|Ga,48
Ordered_L12_BSublattice,35,20260727,all_symmetry_classes,False,Ga|In|In|Zn|Sn|Ga|Sn|Zn,e8c9a79f3ffa4e34986c3c85e34f6f0be0d1d459e1206c2e0299033ac4ce2bf9,Ga|In|In|Zn|Sn|Ga|Sn|Zn,48
Ordered_L12_BSublattice,36,20260727,all_symmetry_classes,False,Ga|In|In|Zn|Sn|Ga|Zn|Sn,15faa655b50c543ea4ba2d6a0d5cae33b58f4c3582db4c17e562bf7a5246e698,Ga|In|In|Zn|Sn|Ga|Zn|Sn,48
Ordered_L12_BSublattice,37,20260727,all_symmetry_classes,False,Ga|In|In|Zn|Sn|Sn|Zn|Ga,8ffc43c9f3f5bb5ec5d648b58d851b83cc67db586b1eb18c1d083724ff92b1cc,Ga|In|In|Zn|Sn|Sn|Zn|Ga,48
Ordered_L12_BSublattice,38,20260727,all_symmetry_classes,False,Ga|In|In|Zn|Zn|Ga|Sn|Sn,e41ab93ee919ca5982d979e1f462c9bf2af74a502e3e5f29ed59c97927eb4874,Ga|In|In|Zn|Zn|Ga|Sn|Sn,48
Ordered_L12_BSublattice,39,20260727,all_symmetry_classes,False,Ga|In|In|Zn|Zn|Sn|Sn|Ga,8798426df4787af9db40786a702fe6bc52d0427aec91f48a372ccdd3b5534767,Ga|In|In|Zn|Zn|Sn|Sn|Ga,24
Ordered_L12_BSublattice,40,20260727,all_symmetry_classes,False,Ga|In|Sn|Ga|Sn|In|Zn|Zn,6ebef34c05a5145cf4e90feb1d66634ef5b9c47428047750112e84b5e97e005a,Ga|In|Sn|Ga|Sn|In|Zn|Zn,48
Ordered_L12_BSublattice,41,20260727,all_symmetry_classes,False,Ga|In|Sn|Ga|Sn|Zn|In|Zn,a3e16cf8e618268256764a8c897b3c79d959856d28f75555e8e7f2980d18e9f3,Ga|In|Sn|Ga|Sn|Zn|In|Zn,48
Ordered_L12_BSublattice,42,20260727,all_symmetry_classes,False,Ga|In|Sn|Ga|Zn|In|Sn|Zn,90aa5761e62bee703e639a0670ed0d4070150e813075ff3502f676e7e5e6388f,Ga|In|Sn|Ga|Zn|In|Sn|Zn,24
Ordered_L12_BSublattice,43,20260727,all_symmetry_classes,False,Ga|In|Sn|Ga|Zn|Sn|In|Zn,04563718b3679151d3a38ce3133e492bbdfdbd89ead73fe3754d0ac757657e04,Ga|In|Sn|Ga|Zn|Sn|In|Zn,24
Ordered_L12_BSublattice,44,20260727,all_symmetry_classes,False,Ga|In|Sn|In|Sn|Zn|Ga|Zn,9da8cb5eb73d4a199db76a9aae1d1c98212a21baca8add06fd15c6f049087848,Ga|In|Sn|In|Sn|Zn|Ga|Zn,48
Ordered_L12_BSublattice,45,20260727,all_symmetry_classes,False,Ga|In|Sn|In|Sn|Zn|Zn|Ga,982e1e15eba97c2d06214177562d94bf206bfa133c243b8694a01d328bb819f6,Ga|In|Sn|In|Sn|Zn|Zn|Ga,48
Ordered_L12_BSublattice,46,20260727,all_symmetry_classes,False,Ga|In|Sn|In|Zn|Ga|Sn|Zn,ff272241b8c6d3f008f61e5d5a1a4418526e124b7a57faf38fc6554417507ac8,Ga|In|Sn|In|Zn|Ga|Sn|Zn,48
Ordered_L12_BSublattice,47,20260727,all_symmetry_classes,False,Ga|In|Sn|In|Zn|Ga|Zn|Sn,e5b5338f979ca79460621cb54b69f876a7c26a75823735300aa8697693a425ca,Ga|In|Sn|In|Zn|Ga|Zn|Sn,24
Ordered_L12_BSublattice,48,20260727,all_symmetry_classes,False,Ga|In|Sn|In|Zn|Sn|Ga|Zn,1477ed9dc1e00f7ab20c2aaf3a17c2d191d6bd60772b983d2cdf8523f20045f2,Ga|In|Sn|In|Zn|Sn|Ga|Zn,48
Ordered_L12_BSublattice,49,20260727,all_symmetry_classes,False,Ga|In|Sn|In|Zn|Sn|Zn|Ga,f8ae7049bb1f5fa48bf35bec536eb002a682d1aaf17dae8f9277f634444e4a4c,Ga|In|Sn|In|Zn|Sn|Zn|Ga,24
Ordered_L12_BSublattice,50,20260727,all_symmetry_classes,False,Ga|In|Sn|In|Zn|Zn|Ga|Sn,4afee11e5018a8b99a89e87d387edbb2d1fcb0741968056cd81be9289e8c865d,Ga|In|Sn|In|Zn|Zn|Ga|Sn,48
Ordered_L12_BSublattice,51,20260727,all_symmetry_classes,False,Ga|In|Sn|In|Zn|Zn|Sn|Ga,2a7557a9ac313381ebe6913c3e465bfa6454c75367e01c80a93609dfd407d53c,Ga|In|Sn|In|Zn|Zn|Sn|Ga,48
Ordered_L12_BSublattice,52,20260727,all_symmetry_classes,False,Ga|In|Sn|Sn|Zn|Ga|In|Zn,40483e02f8ac02eb4330b11247b207a38afebcbf6bdf23a141aff8dd253ef5d6,Ga|In|Sn|Sn|Zn|Ga|In|Zn,48
Ordered_L12_BSublattice,53,20260727,all_symmetry_classes,False,Ga|In|Sn|Sn|Zn|In|Ga|Zn,7d23845cbfb82ce2ad719600ffe1a518cb7ab5062dc88198a3e77c7cb0ea59de,Ga|In|Sn|Sn|Zn|In|Ga|Zn,48
Ordered_L12_BSublattice,54,20260727,all_symmetry_classes,False,Ga|In|Sn|Sn|Zn|Zn|Ga|In,b09a7288919772faef3f26cfb58efa5bddc1fd35a298e25cd09f4aa028a0d6b7,Ga|In|Sn|Sn|Zn|Zn|Ga|In,24
Ordered_L12_BSublattice,55,20260727,all_symmetry_classes,False,Ga|In|Sn|Sn|Zn|Zn|In|Ga,aeecdfc4f9c5afcf164d3c3675636e20879c254196ac1b03f05223f5f87001cc,Ga|In|Sn|Sn|Zn|Zn|In|Ga,24
Ordered_L12_BSublattice,56,20260727,all_symmetry_classes,False,Ga|In|Sn|Zn|Sn|Zn|Ga|In,70686a4d9cf72ccad89d91b841a2765c9de6bdc1eb07a300f1c71af0ad68eb36,Ga|In|Sn|Zn|Sn|Zn|Ga|In,12
Ordered_L12_BSublattice,57,20260727,all_symmetry_classes,False,Ga|In|Sn|Zn|Sn|Zn|In|Ga,d76152c14beb18fcf81f793bfc35afdc2d18895bfc442895ff02d50a521c876b,Ga|In|Sn|Zn|Sn|Zn|In|Ga,24
Ordered_L12_BSublattice,58,20260727,all_symmetry_classes,False,Ga|In|Sn|Zn|Zn|Ga|In|Sn,49198c7427012f99a6c764df9a3cf2480efa013e3357f04a8111f225aa7cbfa8,Ga|In|Sn|Zn|Zn|Ga|In|Sn,24
Ordered_L12_BSublattice,59,20260727,all_symmetry_classes,False,Ga|In|Sn|Zn|Zn|In|Ga|Sn,fd4da5131152e47cf75ea85cc88d681bce7315ebb587511f67cda20d7c8668dc,Ga|In|Sn|Zn|Zn|In|Ga|Sn,48
Ordered_L12_BSublattice,60,20260727,all_symmetry_classes,False,Ga|In|Sn|Zn|Zn|In|Sn|Ga,def140ef25e89ee4333ccc6743f9c5e98883670dcc7f91856859d9de816d076e,Ga|In|Sn|Zn|Zn|In|Sn|Ga,24
Ordered_L12_BSublattice,61,20260727,all_symmetry_classes,False,Ga|In|Sn|Zn|Zn|Sn|Ga|In,0938f2af1cf69df55df96623369e7c89560b40a1ef09bedf91a774c4f84bf631,Ga|In|Sn|Zn|Zn|Sn|Ga|In,24
Ordered_L12_BSublattice,62,20260727,all_symmetry_classes,False,Ga|In|Sn|Zn|Zn|Sn|In|Ga,16dfab4c8424cb645099c7f27a17cbf8ed40e886d68ea945a882e96d14ce3683,Ga|In|Sn|Zn|Zn|Sn|In|Ga,24
Ordered_L12_BSublattice,63,20260727,all_symmetry_classes,False,Ga|In|Zn|In|Zn|Sn|Ga|Sn,19f83bdbbadb54041a23851742f1cd0e09779f9953d9a3d7e54b5f7c805d6496,Ga|In|Zn|In|Zn|Sn|Ga|Sn,48
Ordered_L12_BSublattice,64,20260727,all_symmetry_classes,False,Ga|In|Zn|Sn|Zn|Sn|Ga|In,4a8ade255511cd15b12fd3a1593b6a5420d8f0ff489a067f3c7dd85a04743726,Ga|In|Zn|Sn|Zn|Sn|Ga|In,12
Ordered_L12_BSublattice,65,20260727,all_symmetry_classes,False,Ga|Sn|Sn|Ga|Zn|In|In|Zn,b7d8d5037866df5835023097ea66142b47d7a754d6705e0bbfa693db56ed5ab5,Ga|Sn|Sn|Ga|Zn|In|In|Zn,12
Ordered_L12_BSublattice,66,20260727,all_symmetry_classes,False,Ga|Sn|Sn|In|Zn|Ga|In|Zn,bc72172100cf00d022e9c3a3c01a8dca1bb8ac1828730cf8707fd92e760a1014,Ga|Sn|Sn|In|Zn|Ga|In|Zn,48
Ordered_L12_BSublattice,67,20260727,all_symmetry_classes,False,Ga|Sn|Zn|In|Zn|In|Ga|Sn,6a18b80ed6bfe592be96f3c28de0b28f1e0135a8eada1fd5b2bcc36a4fdfd07b,Ga|Sn|Zn|In|Zn|In|Ga|Sn,12
