T_K,dG_HEA_mean_kJmol_atom,dG_HEA_plus1sigma,dG_HEA_minus1sigma,dG_HEI_sublattice_upper_bound_entropy,dG_HEI_frozen_zero_entropy,Gap_HEA_minus_HEI_sublattice,Gap_HEA_minus_HEI_frozen
0.0,-13.964307033333334,-11.74032282259026,-16.18829124407641,-30.007884,-30.007884,16.043576966666667,16.043576966666667
10.0,-14.03987791032823,-11.815893699585155,-16.263862121071305,-30.03669973160769,-30.007884,15.996821821279461,15.968006089671771
20.0,-14.115448787323126,-11.891464576580052,-16.3394329980662,-30.065515463215377,-30.007884,15.95006667589225,15.892435212676874
30.0,-14.191019664318022,-11.967035453574947,-16.415003875061096,-30.094331194823067,-30.007884,15.903311530505045,15.816864335681979
40.0,-14.266590541312917,-12.042606330569843,-16.490574752055995,-30.123146926430756,-30.007884,15.85655638511784,15.741293458687084
50.0,-14.342161418307814,-12.11817720756474,-16.56614562905089,-30.151962658038446,-30.007884,15.809801239730632,15.665722581692187
60.0,-14.41773229530271,-12.193748084559635,-16.641716506045785,-30.180778389646132,-30.007884,15.763046094343423,15.590151704697291
70.0,-14.493303172297605,-12.26931896155453,-16.71728738304068,-30.209594121253822,-30.007884,15.716290948956217,15.514580827702396
80.0,-14.568874049292502,-12.344889838549427,-16.792858260035576,-30.238409852861512,-30.007884,15.66953580356901,15.439009950707499
90.0,-14.644444926287397,-12.420460715544323,-16.86842913703047,-30.267225584469198,-30.007884,15.622780658181801,15.363439073712604
100.0,-14.720015803282292,-12.496031592539218,-16.94400001402537,-30.296041316076888,-30.007884,15.576025512794596,15.287868196717708
110.0,-14.79558668027719,-12.571602469534115,-17.019570891020265,-30.324857047684578,-30.007884,15.529270367407388,15.212297319722811
120.0,-14.871157557272085,-12.64717334652901,-17.09514176801516,-30.353672779292268,-30.007884,15.482515222020183,15.136726442727916
130.0,-14.94672843426698,-12.722744223523906,-17.170712645010056,-30.382488510899954,-30.007884,15.435760076632974,15.06115556573302
140.0,-15.022299311261877,-12.798315100518803,-17.24628352200495,-30.411304242507644,-30.007884,15.389004931245767,14.985584688738124
150.0,-15.097870188256772,-12.873885977513698,-17.321854398999847,-30.440119974115333,-30.007884,15.342249785858561,14.910013811743228
160.0,-15.173441065251668,-12.949456854508593,-17.397425275994745,-30.468935705723023,-30.007884,15.295494640471356,14.834442934748333
170.0,-15.249011942246565,-13.025027731503489,-17.47299615298964,-30.49775143733071,-30.007884,15.248739495084145,14.758872057753436
180.0,-15.32458281924146,-13.100598608498386,-17.548567029984536,-30.5265671689384,-30.007884,15.20198434969694,14.68330118075854
190.0,-15.400153696236355,-13.176169485493281,-17.62413790697943,-30.55538290054609,-30.007884,15.155229204309734,14.607730303763645
200.0,-15.47572457323125,-13.251740362488178,-17.699708783974327,-30.584198632153775,-30.007884,15.108474058922525,14.53215942676875
210.0,-15.551295450226148,-13.327311239483073,-17.775279660969222,-30.613014363761465,-30.007884,15.061718913535318,14.456588549773853
220.0,-15.626866327221043,-13.402882116477969,-17.85085053796412,-30.641830095369155,-30.007884,15.014963768148112,14.381017672778958
230.0,-15.70243720421594,-13.478452993472864,-17.926421414959016,-30.670645826976845,-30.007884,14.968208622760905,14.30544679578406
240.0,-15.778008081210835,-13.554023870467761,-18.00199229195391,-30.69946155858453,-30.007884,14.921453477373696,14.229875918789165
250.0,-15.85357895820573,-13.629594747462656,-18.077563168948807,-30.72827729019222,-30.007884,14.87469833198649,14.15430504179427
260.0,-15.929149835200626,-13.705165624457553,-18.153134045943702,-30.75709302179991,-30.007884,14.827943186599285,14.078734164799375
270.0,-16.00472071219552,-13.780736501452449,-18.228704922938597,-30.785908753407597,-30.007884,14.781188041212076,14.00316328780448
280.0,-16.08029158919042,-13.856307378447344,-18.304275799933496,-30.814724485015287,-30.007884,14.734432895824867,13.92759241080958
290.0,-16.155862466185315,-13.93187825544224,-18.37984667692839,-30.843540216622976,-30.007884,14.687677750437661,13.852021533814685
300.0,-16.23143334318021,-14.007449132437136,-18.455417553923287,-30.872355948230666,-30.007884,14.640922605050456,13.77645065681979
310.0,-16.307004220175106,-14.083020009432031,-18.530988430918182,-30.901171679838352,-30.007884,14.594167459663247,13.700879779824895
320.0,-16.38257509717,-14.158590886426929,-18.606559307913077,-30.929987411446042,-30.007884,14.547412314276041,13.62530890283
330.0,-16.458145974164896,-14.234161763421824,-18.682130184907972,-30.958803143053732,-30.007884,14.500657168888836,13.549738025835104
340.0,-16.533716851159795,-14.309732640416719,-18.75770106190287,-30.987618874661422,-30.007884,14.453902023501627,13.474167148840205
350.0,-16.60928772815469,-14.385303517411614,-18.833271938897767,-31.016434606269108,-30.007884,14.407146878114418,13.39859627184531
360.0,-16.684858605149586,-14.460874394406511,-18.908842815892662,-31.045250337876798,-30.007884,14.360391732727212,13.323025394850415
370.0,-16.76042948214448,-14.536445271401407,-18.984413692887557,-31.074066069484488,-30.007884,14.313636587340007,13.24745451785552
380.0,-16.836000359139376,-14.612016148396304,-19.059984569882452,-31.102881801092174,-30.007884,14.266881441952798,13.171883640860624
390.0,-16.91157123613427,-14.687587025391199,-19.135555446877348,-31.131697532699864,-30.007884,14.220126296565592,13.096312763865729
400.0,-16.987142113129167,-14.763157902386094,-19.211126323872243,-31.160513264307554,-30.007884,14.173371151178387,13.020741886870834
410.0,-17.062712990124066,-14.83872877938099,-19.286697200867142,-31.189328995915243,-30.007884,14.126616005791178,12.945171009875935
420.0,-17.13828386711896,-14.914299656375887,-19.362268077862037,-31.21814472752293,-30.007884,14.079860860403969,12.86960013288104
430.0,-17.213854744113856,-14.989870533370782,-19.437838954856932,-31.24696045913062,-30.007884,14.033105715016763,12.794029255886144
440.0,-17.28942562110875,-15.065441410365677,-19.513409831851828,-31.27577619073831,-30.007884,13.986350569629558,12.718458378891249
450.0,-17.364996498103647,-15.141012287360574,-19.588980708846723,-31.304591922345995,-30.007884,13.939595424242349,12.642887501896354
460.0,-17.440567375098546,-15.21658316435547,-19.66455158584162,-31.333407653953685,-30.007884,13.89284027885514,12.567316624901455
470.0,-17.51613825209344,-15.292154041350365,-19.740122462836517,-31.362223385561375,-30.007884,13.846085133467934,12.49174574790656
480.0,-17.591709129088336,-15.367724918345262,-19.815693339831412,-31.391039117169065,-30.007884,13.799329988080729,12.416174870911664
490.0,-17.66728000608323,-15.443295795340157,-19.891264216826308,-31.41985484877675,-30.007884,13.75257484269352,12.340603993916769
500.0,-17.742850883078127,-15.518866672335053,-19.966835093821203,-31.44867058038444,-30.007884,13.705819697306314,12.265033116921874
510.0,-17.818421760073022,-15.59443754932995,-20.042405970816098,-31.47748631199213,-30.007884,13.659064551919109,12.189462239926979
520.0,-17.893992637067917,-15.670008426324845,-20.117976847810993,-31.506302043599817,-30.007884,13.6123094065319,12.113891362932083
530.0,-17.969563514062816,-15.74557930331974,-20.193547724805892,-31.535117775207507,-30.007884,13.56555426114469,12.038320485937184
540.0,-18.04513439105771,-15.821150180314635,-20.269118601800788,-31.563933506815196,-30.007884,13.518799115757485,11.96274960894229
550.0,-18.120705268052607,-15.896721057309533,-20.344689478795683,-31.592749238422886,-30.007884,13.47204397037028,11.887178731947394
560.0,-18.196276145047502,-15.97229193430443,-20.420260355790578,-31.621564970030573,-30.007884,13.42528882498307,11.811607854952499
570.0,-18.271847022042397,-16.047862811299325,-20.495831232785473,-31.650380701638262,-30.007884,13.378533679595865,11.736036977957603
580.0,-18.347417899037296,-16.12343368829422,-20.571402109780372,-31.679196433245952,-30.007884,13.331778534208656,11.660466100962704
590.0,-18.42298877603219,-16.199004565289115,-20.646972986775268,-31.708012164853642,-30.007884,13.28502338882145,11.58489522396781
600.0,-18.498559653027087,-16.27457544228401,-20.722543863770163,-31.736827896461328,-30.007884,13.238268243434241,11.509324346972914
610.0,-18.574130530021982,-16.350146319278906,-20.798114740765058,-31.765643628069018,-30.007884,13.191513098047036,11.433753469978019
620.0,-18.649701407016877,-16.4257171962738,-20.873685617759953,-31.794459359676708,-30.007884,13.14475795265983,11.358182592983123
630.0,-18.725272284011773,-16.5012880732687,-20.94925649475485,-31.823275091284394,-30.007884,13.098002807272621,11.282611715988228
640.0,-18.800843161006668,-16.576858950263595,-21.024827371749744,-31.852090822892084,-30.007884,13.051247661885416,11.207040838993333
650.0,-18.876414038001563,-16.65242982725849,-21.10039824874464,-31.880906554499774,-30.007884,13.00449251649821,11.131469961998437
660.0,-18.951984914996462,-16.728000704253386,-21.175969125739538,-31.909722286107463,-30.007884,12.957737371111001,11.055899085003539
670.0,-19.027555791991357,-16.803571581248285,-21.251540002734433,-31.93853801771515,-30.007884,12.910982225723792,10.980328208008643
680.0,-19.103126668986253,-16.87914245824318,-21.32711087972933,-31.96735374932284,-30.007884,12.864227080336587,10.904757331013748
690.0,-19.178697545981148,-16.954713335238075,-21.402681756724224,-31.99616948093053,-30.007884,12.817471934949381,10.829186454018853
700.0,-19.254268422976047,-17.03028421223297,-21.478252633719123,-32.02498521253822,-30.007884,12.770716789562172,10.753615577023954
710.0,-19.329839299970942,-17.105855089227866,-21.553823510714018,-32.053800944145905,-30.007884,12.723961644174963,10.678044700029059
720.0,-19.405410176965837,-17.18142596622276,-21.629394387708913,-32.08261667575359,-30.007884,12.677206498787754,10.602473823034163
730.0,-19.480981053960733,-17.256996843217657,-21.70496526470381,-32.111432407361285,-30.007884,12.630451353400552,10.526902946039268
740.0,-19.556551930955628,-17.332567720212552,-21.780536141698704,-32.14024813896897,-30.007884,12.583696208013343,10.451332069044373
750.0,-19.632122807950523,-17.40813859720745,-21.8561070186936,-32.169063870576664,-30.007884,12.536941062626141,10.375761192049477
760.0,-19.70769368494542,-17.483709474202346,-21.931677895688495,-32.19787960218435,-30.007884,12.490185917238932,10.300190315054582
770.0,-19.783264561940314,-17.55928035119724,-22.00724877268339,-32.22669533379204,-30.007884,12.443430771851723,10.224619438059687
780.0,-19.858835438935213,-17.634851228192137,-22.08281964967829,-32.25551106539973,-30.007884,12.396675626464518,10.149048561064788
790.0,-19.934406315930108,-17.710422105187035,-22.158390526673184,-32.28432679700742,-30.007884,12.349920481077309,10.073477684069893
800.0,-20.009977192925003,-17.78599298218193,-22.23396140366808,-32.3131425286151,-30.007884,12.3031653356901,9.997906807074997
810.0,-20.0855480699199,-17.861563859176826,-22.309532280662975,-32.341958260222796,-30.007884,12.256410190302898,9.922335930080102
820.0,-20.161118946914794,-17.93713473617172,-22.38510315765787,-32.37077399183048,-30.007884,12.209655044915689,9.846765053085207
830.0,-20.236689823909693,-18.012705613166617,-22.46067403465277,-32.39958972343817,-30.007884,12.162899899528476,9.771194176090308
840.0,-20.312260700904588,-18.088276490161512,-22.536244911647664,-32.42840545504586,-30.007884,12.116144754141274,9.695623299095413
850.0,-20.387831577899483,-18.163847367156407,-22.61181578864256,-32.45722118665355,-30.007884,12.069389608754065,9.620052422100517
860.0,-20.46340245489438,-18.239418244151302,-22.687386665637455,-32.486036918261235,-30.007884,12.022634463366856,9.544481545105622
870.0,-20.538973331889274,-18.3149891211462,-22.76295754263235,-32.51485264986893,-30.007884,11.975879317979654,9.468910668110727
880.0,-20.61454420888417,-18.390559998141097,-22.838528419627245,-32.543668381476614,-30.007884,11.929124172592445,9.393339791115832
890.0,-20.690115085879064,-18.466130875135992,-22.91409929662214,-32.57248411308431,-30.007884,11.882369027205243,9.317768914120936
900.0,-20.765685962873963,-18.541701752130887,-22.98967017361704,-32.601299844691994,-30.007884,11.83561388181803,9.242198037126037
910.0,-20.84125683986886,-18.617272629125782,-23.065241050611935,-32.63011557629968,-30.007884,11.788858736430821,9.166627160131142
920.0,-20.916827716863754,-18.69284350612068,-23.14081192760683,-32.65893130790737,-30.007884,11.74210359104362,9.091056283136247
930.0,-20.99239859385865,-18.768414383115577,-23.216382804601725,-32.68774703951506,-30.007884,11.69534844565641,9.015485406141352
940.0,-21.067969470853544,-18.843985260110472,-23.29195368159662,-32.716562771122746,-30.007884,11.648593300269201,8.939914529146456
950.0,-21.143540347848443,-18.919556137105367,-23.36752455859152,-32.74537850273044,-30.007884,11.601838154881996,8.864343652151558
960.0,-21.21911122484334,-18.995127014100262,-23.443095435586415,-32.774194234338125,-30.007884,11.555083009494787,8.788772775156662
970.0,-21.294682101838234,-19.070697891095158,-23.51866631258131,-32.80300996594581,-30.007884,11.508327864107578,8.713201898161767
980.0,-21.37025297883313,-19.146268768090053,-23.594237189576205,-32.831825697553505,-30.007884,11.461572718720376,8.637631021166872
990.0,-21.445823855828024,-19.221839645084952,-23.6698080665711,-32.86064142916119,-30.007884,11.414817573333167,8.562060144171976
1000.0,-21.52139473282292,-19.297410522079847,-23.745378943565996,-32.889457160768885,-30.007884,11.368062427945965,8.486489267177081
1010.0,-21.596965609817815,-19.372981399074742,-23.82094982056089,-32.91827289237657,-30.007884,11.321307282558756,8.410918390182186
1020.0,-21.672536486812714,-19.448552276069638,-23.89652069755579,-32.94708862398426,-30.007884,11.274552137171543,8.335347513187287
1030.0,-21.74810736380761,-19.524123153064533,-23.972091574550685,-32.97590435559195,-30.007884,11.227796991784341,8.259776636192392
1040.0,-21.823678240802504,-19.599694030059432,-24.04766245154558,-33.00472008719964,-30.007884,11.181041846397132,8.184205759197496
1050.0,-21.8992491177974,-19.675264907054327,-24.123233328540476,-33.03353581880732,-30.007884,11.134286701009923,8.108634882202601
1060.0,-21.9748199947923,-19.750835784049222,-24.198804205535374,-33.062351550415016,-30.007884,11.087531555622718,8.033064005207702
1070.0,-22.050390871787194,-19.826406661044118,-24.27437508253027,-33.0911672820227,-30.007884,11.040776410235509,7.957493128212807
1080.0,-22.12596174878209,-19.901977538039013,-24.349945959525165,-33.11998301363039,-30.007884,10.9940212648483,7.881922251217912
1090.0,-22.201532625776984,-19.977548415033908,-24.42551683652006,-33.14879874523808,-30.007884,10.947266119461098,7.806351374223016
1100.0,-22.27710350277188,-20.053119292028803,-24.501087713514956,-33.17761447684577,-30.007884,10.900510974073889,7.730780497228121
1110.0,-22.352674379766775,-20.1286901690237,-24.57665859050985,-33.206430208453455,-30.007884,10.85375582868668,7.655209620233226
1120.0,-22.42824525676167,-20.204261046018598,-24.652229467504746,-33.23524594006115,-30.007884,10.807000683299478,7.5796387432383305
1130.0,-22.503816133756565,-20.279831923013493,-24.72780034449964,-33.264061671668834,-30.007884,10.760245537912269,7.504067866243435
1140.0,-22.57938701075146,-20.355402800008388,-24.803371221494537,-33.29287740327653,-30.007884,10.713490392525067,7.42849698924854
1150.0,-22.65495788774636,-20.430973677003287,-24.878942098489436,-33.321693134884214,-30.007884,10.666735247137854,7.352926112253641
1160.0,-22.730528764741255,-20.506544553998182,-24.95451297548433,-33.3505088664919,-30.007884,10.619980101750645,7.277355235258746
1170.0,-22.80609964173615,-20.582115430993078,-25.030083852479226,-33.37932459809959,-30.007884,10.573224956363443,7.2017843582638505
1180.0,-22.881670518731045,-20.657686307987973,-25.10565472947412,-33.40814032970728,-30.007884,10.526469810976234,7.126213481268955
1190.0,-22.957241395725944,-20.733257184982868,-25.18122560646902,-33.436956061314966,-30.007884,10.479714665589022,7.050642604274056
1200.0,-23.03281227272084,-20.808828061977763,-25.256796483463916,-33.46577179292266,-30.007884,10.43295952020182,6.975071727279161
1210.0,-23.108383149715735,-20.88439893897266,-25.33236736045881,-33.494587524530345,-30.007884,10.38620437481461,6.899500850284266
1220.0,-23.18395402671063,-20.959969815967554,-25.407938237453706,-33.52340325613803,-30.007884,10.339449229427402,6.823929973289371
1230.0,-23.259524903705525,-21.03554069296245,-25.4835091144486,-33.552218987745725,-30.007884,10.2926940840402,6.748359096294475
1240.0,-23.33509578070042,-21.111111569957345,-25.559079991443497,-33.58103471935341,-30.007884,10.24593893865299,6.67278821929958
1250.0,-23.410666657695316,-21.186682446952243,-25.634650868438392,-33.609850450961105,-30.007884,10.199183793265789,6.597217342304685
1260.0,-23.48623753469021,-21.26225332394714,-25.710221745433287,-33.63866618256879,-30.007884,10.15242864787858,6.521646465309789
1270.0,-23.561808411685107,-21.337824200942034,-25.785792622428183,-33.66748191417648,-30.007884,10.10567350249137,6.446075588314894
1280.0,-23.637379288680005,-21.413395077936933,-25.86136349942308,-33.69629764578417,-30.007884,10.058918357104165,6.370504711319995
1290.0,-23.7129501656749,-21.488965954931828,-25.936934376417977,-33.72511337739186,-30.007884,10.012163211716956,6.2949338343251
1300.0,-23.788521042669796,-21.564536831926723,-26.012505253412872,-33.75392910899954,-30.007884,9.965408066329747,6.219362957330205
1310.0,-23.864091919664695,-21.64010770892162,-26.08807613040777,-33.782744840607236,-30.007884,9.918652920942542,6.143792080335306
1320.0,-23.93966279665959,-21.715678585916514,-26.163647007402666,-33.81156057221492,-30.007884,9.871897775555333,6.068221203340411
1330.0,-24.015233673654485,-21.79124946291141,-26.23921788439756,-33.84037630382261,-30.007884,9.825142630168124,5.992650326345515
1340.0,-24.09080455064938,-21.866820339906305,-26.314788761392457,-33.8691920354303,-30.007884,9.778387484780922,5.91707944935062
1350.0,-24.166375427644276,-21.9423912169012,-26.390359638387352,-33.89800776703799,-30.007884,9.731632339393713,5.841508572355725
1360.0,-24.24194630463917,-22.017962093896095,-26.465930515382247,-33.926823498645675,-30.007884,9.684877194006503,5.7659376953608295
1370.0,-24.317517181634067,-22.093532970890994,-26.541501392377143,-33.95563923025337,-30.007884,9.638122048619302,5.690366818365934
1380.0,-24.393088058628962,-22.16910384788589,-26.617072269372038,-33.984454961861054,-30.007884,9.591366903232093,5.614795941371039
1390.0,-24.468658935623857,-22.244674724880785,-26.692643146366933,-34.01327069346875,-30.007884,9.54461175784489,5.539225064376144
1400.0,-24.544229812618756,-22.320245601875683,-26.768214023361832,-34.042086425076434,-30.007884,9.497856612457678,5.463654187381245
1410.0,-24.61980068961365,-22.39581647887058,-26.843784900356727,-34.07090215668412,-30.007884,9.451101467070469,5.3880833103863495
1420.0,-24.695371566608546,-22.471387355865474,-26.919355777351623,-34.09971788829181,-30.007884,9.404346321683267,5.312512433391454
1430.0,-24.770942443603445,-22.54695823286037,-26.99492665434652,-34.1285336198995,-30.007884,9.357591176296054,5.236941556396555
1440.0,-24.84651332059834,-22.622529109855265,-27.070497531341417,-34.157349351507186,-30.007884,9.310836030908845,5.16137067940166
1450.0,-24.922084197593236,-22.69809998685016,-27.146068408336312,-34.18616508311488,-30.007884,9.264080885521643,5.085799802406765
1460.0,-24.99765507458813,-22.773670863845055,-27.221639285331207,-34.214980814722566,-30.007884,9.217325740134434,5.0102289254118695
1470.0,-25.073225951583026,-22.84924174083995,-27.297210162326103,-34.24379654633026,-30.007884,9.170570594747232,4.934658048416974
1480.0,-25.14879682857792,-22.924812617834846,-27.372781039320998,-34.272612277937945,-30.007884,9.123815449360023,4.859087171422079
1490.0,-25.224367705572817,-23.000383494829745,-27.448351916315893,-34.30142800954563,-30.007884,9.077060303972814,4.783516294427184
1500.0,-25.299938582567712,-23.07595437182464,-27.52392279331079,-34.330243741153325,-30.007884,9.030305158585612,4.707945417432288
1510.0,-25.375509459562608,-23.151525248819535,-27.599493670305684,-34.35905947276101,-30.007884,8.983550013198403,4.632374540437393
1520.0,-25.451080336557506,-23.227096125814434,-27.675064547300583,-34.3878752043687,-30.007884,8.93679486781119,4.556803663442494
1530.0,-25.5266512135524,-23.30266700280933,-27.750635424295478,-34.41669093597639,-30.007884,8.890039722423989,4.481232786447599
1540.0,-25.602222090547297,-23.378237879804225,-27.826206301290373,-34.44550666758408,-30.007884,8.84328457703678,4.405661909452704
1550.0,-25.677792967542196,-23.45380875679912,-27.901777178285272,-34.47432239919176,-30.007884,8.796529431649567,4.330091032457805
1560.0,-25.75336384453709,-23.529379633794015,-27.977348055280167,-34.50313813079946,-30.007884,8.749774286262365,4.2545201554629095
1570.0,-25.828934721531986,-23.60495051078891,-28.052918932275063,-34.53195386240714,-30.007884,8.703019140875156,4.178949278468014
1580.0,-25.90450559852688,-23.680521387783806,-28.128489809269958,-34.56076959401483,-30.007884,8.656263995487947,4.103378401473119
1590.0,-25.980076475521777,-23.7560922647787,-28.204060686264853,-34.58958532562252,-30.007884,8.609508850100745,4.027807524478224
1600.0,-26.055647352516672,-23.831663141773596,-28.27963156325975,-34.61840105723021,-30.007884,8.562753704713536,3.9522366474833284
1610.0,-26.131218229511568,-23.907234018768495,-28.355202440254644,-34.647216788837895,-30.007884,8.515998559326327,3.876665770488433
1620.0,-26.206789106506463,-23.98280489576339,-28.43077331724954,-34.67603252044559,-30.007884,8.469243413939125,3.801094893493538
1630.0,-26.282359983501358,-24.058375772758286,-28.506344194244434,-34.704848252053274,-30.007884,8.422488268551916,3.7255240164986425
1640.0,-26.357930860496253,-24.13394664975318,-28.58191507123933,-34.73366398366097,-30.007884,8.375733123164714,3.6499531395037472
1650.0,-26.433501737491152,-24.20951752674808,-28.65748594823423,-34.762479715268654,-30.007884,8.328977977777502,3.5743822625088484
1660.0,-26.509072614486048,-24.285088403742975,-28.733056825229124,-34.79129544687634,-30.007884,8.282222832390293,3.498811385513953
1670.0,-26.584643491480943,-24.36065928073787,-28.80862770222402,-34.820111178484034,-30.007884,8.23546768700309,3.423240508519058
1680.0,-26.66021436847584,-24.436230157732766,-28.884198579218918,-34.84892691009172,-30.007884,8.188712541615878,3.347669631524159
1690.0,-26.735785245470737,-24.51180103472766,-28.959769456213813,-34.877742641699406,-30.007884,8.141957396228669,3.2720987545292637
1700.0,-26.811356122465632,-24.587371911722556,-29.03534033320871,-34.9065583733071,-30.007884,8.095202250841467,3.1965278775343684
1710.0,-26.886926999460528,-24.66294278871745,-29.110911210203604,-34.935374104914786,-30.007884,8.048447105454258,3.120957000539473
1720.0,-26.962497876455423,-24.738513665712347,-29.1864820871985,-34.96418983652248,-30.007884,8.001691960067056,3.045386123544578
1730.0,-27.038068753450318,-24.814084542707242,-29.262052964193394,-34.993005568130165,-30.007884,7.954936814679847,2.9698152465496825
1740.0,-27.113639630445213,-24.88965541970214,-29.33762384118829,-35.02182129973785,-30.007884,7.908181669292638,2.8942443695547873
1750.0,-27.18921050744011,-24.965226296697036,-29.413194718183185,-35.050637031345545,-30.007884,7.861426523905436,2.818673492559892
1760.0,-27.264781384435004,-25.04079717369193,-29.48876559517808,-35.07945276295323,-30.007884,7.814671378518227,2.7431026155649967
1770.0,-27.340352261429903,-25.11636805068683,-29.56433647217298,-35.10826849456092,-30.007884,7.7679162331310145,2.667531738570098
1780.0,-27.415923138424798,-25.191938927681726,-29.639907349167874,-35.13708422616861,-30.007884,7.721161087743813,2.5919608615752026
1790.0,-27.491494015419693,-25.26750980467662,-29.71547822616277,-35.1658999577763,-30.007884,7.674405942356604,2.5163899845803073
1800.0,-27.567064892414592,-25.343080681671516,-29.79104910315767,-35.19471568938398,-30.007884,7.627650796969391,2.4408191075854084
1810.0,-27.642635769409488,-25.41865155866641,-29.866619980152564,-35.22353142099168,-30.007884,7.580895651582189,2.365248230590513
1820.0,-27.718206646404383,-25.494222435661307,-29.94219085714746,-35.25234715259936,-30.007884,7.53414050619498,2.289677353595618
1830.0,-27.793777523399278,-25.569793312656202,-30.017761734142354,-35.28116288420705,-30.007884,7.487385360807771,2.2141064766007226
1840.0,-27.869348400394173,-25.645364189651097,-30.09333261113725,-35.30997861581474,-30.007884,7.440630215420569,2.1385355996058273
1850.0,-27.94491927738907,-25.720935066645993,-30.168903488132145,-35.33879434742243,-30.007884,7.39387507003336,2.062964722610932
1860.0,-28.020490154383964,-25.79650594364089,-30.24447436512704,-35.367610079030115,-30.007884,7.347119924646151,1.9873938456160367
1870.0,-28.09606103137886,-25.872076820635787,-30.320045242121935,-35.39642581063781,-30.007884,7.300364779258949,1.9118229686211414
1880.0,-28.171631908373755,-25.947647697630682,-30.39561611911683,-35.425241542245494,-30.007884,7.25360963387174,1.8362520916262461
1890.0,-28.247202785368653,-26.02321857462558,-30.47118699611173,-35.45405727385319,-30.007884,7.2068544884845345,1.7606812146313473
1900.0,-28.32277366236355,-26.098789451620476,-30.546757873106625,-35.482873005460874,-30.007884,7.160099343097325,1.685110337636452
1910.0,-28.398344539358444,-26.17436032861537,-30.62232875010152,-35.51168873706856,-30.007884,7.113344197710116,1.6095394606415567
1920.0,-28.473915416353343,-26.249931205610267,-30.69789962709642,-35.540504468676254,-30.007884,7.066589052322911,1.533968583646658
1930.0,-28.549486293348238,-26.325502082605162,-30.773470504091314,-35.56932020028394,-30.007884,7.019833906935702,1.4583977066517626
1940.0,-28.625057170343133,-26.401072959600057,-30.84904138108621,-35.598135931891626,-30.007884,6.973078761548493,1.3828268296568673
1950.0,-28.70062804733803,-26.476643836594953,-30.924612258081105,-35.62695166349932,-30.007884,6.926323616161291,1.307255952661972
1960.0,-28.776198924332924,-26.552214713589848,-31.000183135076,-35.655767395107006,-30.007884,6.879568470774082,1.2316850756670767
1970.0,-28.85176980132782,-26.627785590584743,-31.075754012070895,-35.6845831267147,-30.007884,6.83281332538688,1.1561141986721815
1980.0,-28.927340678322714,-26.703356467579642,-31.15132488906579,-35.713398858322385,-30.007884,6.786058179999671,1.0805433216772862
1990.0,-29.00291155531761,-26.778927344574537,-31.226895766060686,-35.74221458993007,-30.007884,6.739303034612462,1.0049724446823909
2000.0,-29.078482432312505,-26.854498221569433,-31.30246664305558,-35.771030321537765,-30.007884,6.69254788922526,0.9294015676874956
2010.0,-29.154053309307404,-26.93006909856433,-31.37803752005048,-35.79984605314545,-30.007884,6.645792743838047,0.8538306906925968
2020.0,-29.2296241863023,-27.005639975559227,-31.453608397045375,-35.82866178475314,-30.007884,6.599037598450838,0.7782598136977015
2030.0,-29.305195063297194,-27.081210852554122,-31.52917927404027,-35.85747751636083,-30.007884,6.552282453063636,0.7026889367028062
2040.0,-29.380765940292093,-27.156781729549017,-31.60475015103517,-35.88629324796852,-30.007884,6.505527307676424,0.6271180597079073
2050.0,-29.45633681728699,-27.232352606543913,-31.680321028030065,-35.9151089795762,-30.007884,6.458772162289215,0.5515471827130121
2060.0,-29.531907694281884,-27.307923483538808,-31.75589190502496,-35.9439247111839,-30.007884,6.412017016902013,0.4759763057181168
2070.0,-29.60747857127678,-27.383494360533703,-31.831462782019855,-35.97274044279158,-30.007884,6.365261871514804,0.4004054287232215
2080.0,-29.683049448271674,-27.4590652375286,-31.90703365901475,-36.00155617439927,-30.007884,6.318506726127595,0.3248345517283262
2090.0,-29.75862032526657,-27.534636114523494,-31.982604536009646,-36.03037190600696,-30.007884,6.271751580740393,0.24926367473343092
2100.0,-29.834191202261465,-27.61020699151839,-32.05817541300454,-36.05918763761465,-30.007884,6.224996435353184,0.17369279773853563
2110.0,-29.90976207925636,-27.685777868513288,-32.133746289999436,-36.088003369222335,-30.007884,6.178241289965975,0.09812192074364035
2120.0,-29.98533295625126,-27.761348745508187,-32.20931716699434,-36.11681910083003,-30.007884,6.131486144578769,0.022551043748741506
2130.0,-30.060903833246154,-27.836919622503082,-32.28488804398923,-36.145634832437715,-30.007884,6.08473099919156,-0.05301983324615378
2140.0,-30.13647471024105,-27.912490499497977,-32.36045892098413,-36.17445056404541,-30.007884,6.037975853804358,-0.12859071024104907
2150.0,-30.212045587235945,-27.988061376492873,-32.43602979797902,-36.203266295653094,-30.007884,5.991220708417149,-0.20416158723594435
2160.0,-30.28761646423084,-28.063632253487768,-32.51160067497392,-36.23208202726078,-30.007884,5.94446556302994,-0.27973246423083964
2170.0,-30.363187341225736,-28.139203130482663,-32.58717155196881,-36.260897758868474,-30.007884,5.897710417642738,-0.3553033412257349
2180.0,-30.438758218220634,-28.21477400747756,-32.66274242896371,-36.28971349047616,-30.007884,5.850955272255526,-0.43087421822063376
2190.0,-30.51432909521553,-28.290344884472454,-32.738313305958606,-36.318529222083846,-30.007884,5.8042001268683165,-0.506445095215529
2200.0,-30.589899972210425,-28.36591576146735,-32.8138841829535,-36.34734495369154,-30.007884,5.757444981481115,-0.5820159722104243
2210.0,-30.66547084920532,-28.441486638462244,-32.889455059948396,-36.376160685299226,-30.007884,5.710689836093906,-0.6575868492053196
2220.0,-30.741041726200216,-28.51705751545714,-32.96502593694329,-36.40497641690692,-30.007884,5.663934690706704,-0.7331577262002149
2230.0,-30.81661260319511,-28.592628392452035,-33.04059681393819,-36.433792148514605,-30.007884,5.617179545319495,-0.8087286031951102
2240.0,-30.89218348019001,-28.668199269446937,-33.11616769093308,-36.46260788012229,-30.007884,5.570424399932282,-0.884299480190009
2250.0,-30.967754357184905,-28.743770146441832,-33.191738567927985,-36.491423611729985,-30.007884,5.52366925454508,-0.9598703571849043
2260.0,-31.0433252341798,-28.819341023436728,-33.26730944492287,-36.52023934333767,-30.007884,5.476914109157871,-1.0354412341797996
2270.0,-31.118896111174696,-28.894911900431623,-33.342880321917775,-36.54905507494536,-30.007884,5.430158963770662,-1.111012111174695
2280.0,-31.19446698816959,-28.97048277742652,-33.41845119891266,-36.57787080655305,-30.007884,5.38340381838346,-1.1865829881695902
2290.0,-31.270037865164486,-29.046053654421414,-33.494022075907566,-36.60668653816074,-30.007884,5.336648672996251,-1.2621538651644855
2300.0,-31.345608742159385,-29.12162453141631,-33.56959295290246,-36.63550226976842,-30.007884,5.289893527609038,-1.3377247421593843
2310.0,-31.42117961915428,-29.197195408411204,-33.645163829897356,-36.66431800137612,-30.007884,5.2431383822218365,-1.4132956191542796
2320.0,-31.496750496149176,-29.2727662854061,-33.72073470689225,-36.6931337329838,-30.007884,5.196383236834627,-1.4888664961491749
2330.0,-31.57232137314407,-29.348337162400995,-33.79630558388715,-36.72194946459149,-30.007884,5.149628091447418,-1.5644373731440702
2340.0,-31.647892250138966,-29.42390803939589,-33.87187646088204,-36.75076519619918,-30.007884,5.1028729460602165,-1.6400082501389655
2350.0,-31.72346312713386,-29.499478916390785,-33.94744733787694,-36.77958092780687,-30.007884,5.056117800673007,-1.7155791271338607
2360.0,-31.799034004128757,-29.57504979338568,-34.02301821487183,-36.808396659414555,-30.007884,5.009362655285798,-1.791150004128756
2370.0,-31.874604881123656,-29.650620670380583,-34.09858909186673,-36.83721239102225,-30.007884,4.962607509898593,-1.8667208811236549
2380.0,-31.95017575811855,-29.72619154737548,-34.17415996886163,-36.866028122629935,-30.007884,4.915852364511384,-1.9422917581185501
2390.0,-32.02574663511345,-29.801762424370374,-34.24973084585652,-36.89484385423763,-30.007884,4.869097219124178,-2.017862635113449
2400.0,-32.10131751210834,-29.87733330136527,-34.32530172285142,-36.923659585845314,-30.007884,4.822342073736976,-2.093433512108337
2410.0,-32.17688838910324,-29.952904178360164,-34.40087259984631,-36.952475317453,-30.007884,4.77558692834976,-2.1690043891032396
2420.0,-32.25245926609813,-30.02847505535506,-34.47644347684121,-36.981291049060694,-30.007884,4.7288317829625655,-2.2445752660981277
2430.0,-32.32803014309303,-30.104045932349955,-34.55201435383611,-37.01010678066838,-30.007884,4.682076637575349,-2.32014614309303
2440.0,-32.403601020087926,-30.17961680934485,-34.627585230831,-37.038922512276066,-30.007884,4.63532149218814,-2.3957170200879254
2450.0,-32.47917189708282,-30.255187686339745,-34.7031561078259,-37.06773824388376,-30.007884,4.588566346800938,-2.4712878970828207
2460.0,-32.55474277407772,-30.33075856333464,-34.77872698482079,-37.096553975491446,-30.007884,4.541811201413729,-2.546858774077716
2470.0,-32.63031365107261,-30.406329440329536,-34.85429786181569,-37.12536970709914,-30.007884,4.495056056026527,-2.6224296510726113
2480.0,-32.70588452806751,-30.48190031732443,-34.92986873881058,-37.154185438706826,-30.007884,4.448300910639318,-2.6980005280675066
2490.0,-32.7814554050624,-30.557471194319334,-35.005439615805486,-37.18300117031451,-30.007884,4.401545765252109,-2.773571405062402
2500.0,-32.857026282057305,-30.63304207131423,-35.081010492800374,-37.211816901922205,-30.007884,4.3547906198649,-2.8491422820573042
2510.0,-32.93259715905219,-30.708612948309124,-35.156581369795276,-37.24063263352989,-30.007884,4.308035474477698,-2.9247131590521924
2520.0,-33.008168036047095,-30.78418382530402,-35.232152246790164,-37.26944836513758,-30.007884,4.261280329090482,-3.000284036047095
2530.0,-33.083738913041984,-30.859754702298915,-35.30772312378507,-37.29826409674527,-30.007884,4.214525183703287,-3.075854913041983
2540.0,-33.159309790036886,-30.93532557929381,-35.383294000779955,-37.32707982835296,-30.007884,4.167770038316071,-3.1514257900368854
2550.0,-33.23488066703178,-31.010896456288705,-35.45886487777486,-37.35589555996064,-30.007884,4.121014892928862,-3.2269966670317807
2560.0,-33.31045154402668,-31.0864673332836,-35.53443575476975,-37.38471129156834,-30.007884,4.07425974754166,-3.302567544026676
2570.0,-33.38602242102157,-31.162038210278496,-35.61000663176465,-37.41352702317602,-30.007884,4.027504602154451,-3.3781384210215712
2580.0,-33.46159329801647,-31.23760908727339,-35.68557750875954,-37.44234275478371,-30.007884,3.980749456767242,-3.4537092980164665
2590.0,-33.53716417501136,-31.313179964268286,-35.76114838575444,-37.4711584863914,-30.007884,3.93399431138004,-3.529280175011362
2600.0,-33.61273505200626,-31.38875084126318,-35.836719262749334,-37.49997421799909,-30.007884,3.887239165992831,-3.604851052006257
2610.0,-33.68830592900116,-31.464321718258084,-35.91229013974423,-37.528789949606775,-30.007884,3.840484020605615,-3.6804219290011595
2620.0,-33.76387680599605,-31.53989259525298,-35.98786101673913,-37.55760568121447,-30.007884,3.79372887521842,-3.7559928059960477
2630.0,-33.83944768299095,-31.615463472247875,-36.06343189373402,-37.586421412822155,-30.007884,3.746973729831204,-3.83156368299095
2640.0,-33.91501855998584,-31.69103434924277,-36.13900277072892,-37.61523714442985,-30.007884,3.700218584444009,-3.9071345599858383
2650.0,-33.99058943698074,-31.766605226237665,-36.21457364772381,-37.644052876037534,-30.007884,3.653463439056793,-3.9827054369807406
2660.0,-34.06616031397563,-31.84217610323256,-36.29014452471871,-37.67286860764522,-30.007884,3.606708293669591,-4.058276313975629
2670.0,-34.14173119097053,-31.917746980227456,-36.36571540171361,-37.701684339252914,-30.007884,3.559953148282382,-4.133847190970531
2680.0,-34.21730206796543,-31.99331785722235,-36.4412862787085,-37.7305000708606,-30.007884,3.513198002895173,-4.2094180679654265
2690.0,-34.29287294496032,-32.068888734217246,-36.5168571557034,-37.75931580246829,-30.007884,3.466442857507964,-4.284988944960322
2700.0,-34.36844382195522,-32.14445961121214,-36.592428032698294,-37.78813153407598,-30.007884,3.419687712120762,-4.360559821955217
2710.0,-34.44401469895011,-32.22003048820704,-36.66799890969319,-37.816947265683666,-30.007884,3.372932566733553,-4.436130698950112
2720.0,-34.51958557594501,-32.29560136520193,-36.743569786688084,-37.84576299729136,-30.007884,3.326177421346351,-4.511701575945008
2730.0,-34.595156452939904,-32.371172242196835,-36.81914066368299,-37.874578728899046,-30.007884,3.279422275959142,-4.587272452939903
2740.0,-34.670727329934806,-32.44674311919173,-36.894711540677875,-37.90339446050673,-30.007884,3.232667130571926,-4.662843329934805
2750.0,-34.746298206929694,-32.522313996186625,-36.97028241767278,-37.932210192114425,-30.007884,3.185911985184731,-4.7384142069296935
2760.0,-34.8218690839246,-32.59788487318152,-37.045853294667666,-37.96102592372211,-30.007884,3.139156839797515,-4.813985083924596
2770.0,-34.897439960919485,-32.673455750176416,-37.12142417166257,-37.9898416553298,-30.007884,3.092401694410313,-4.889555960919484
2780.0,-34.97301083791439,-32.74902662717131,-37.196995048657456,-38.01865738693749,-30.007884,3.045646549023104,-4.9651268379143865
2790.0,-35.04858171490928,-32.824597504166206,-37.27256592565236,-38.04747311854518,-30.007884,2.998891403635895,-5.040697714909282
2800.0,-35.12415259190418,-32.9001683811611,-37.348136802647254,-38.076288850152864,-30.007884,2.952136258248686,-5.116268591904177
2810.0,-35.19972346889907,-32.975739258156,-37.42370767964215,-38.10510458176056,-30.007884,2.905381112861484,-5.191839468899072
2820.0,-35.27529434589397,-33.05131013515089,-37.499278556637044,-38.13392031336824,-30.007884,2.858625967474275,-5.267410345893968
2830.0,-35.350865222888864,-33.12688101214579,-37.57484943363194,-38.16273604497593,-30.007884,2.811870822087066,-5.342981222888863
2840.0,-35.42643609988376,-33.20245188914068,-37.650420310626835,-38.19155177658362,-30.007884,2.765115676699864,-5.418552099883758
2850.0,-35.502006976878654,-33.27802276613558,-37.72599118762173,-38.22036750819131,-30.007884,2.718360531312655,-5.4941229768786535
2860.0,-35.57757785387355,-33.35359364313048,-37.80156206461663,-38.249183239798995,-30.007884,2.671605385925446,-5.569693853873549
2870.0,-35.65314873086845,-33.429164520125376,-37.87713294161152,-38.27799897140669,-30.007884,2.624850240538237,-5.645264730868451
2880.0,-35.72871960786334,-33.50473539712027,-37.95270381860642,-38.306814703014375,-30.007884,2.578095095151035,-5.720835607863339
2890.0,-35.80429048485824,-33.580306274115166,-38.02827469560131,-38.33563043462206,-30.007884,2.5313399497638187,-5.796406484858242
2900.0,-35.87986136185313,-33.65587715111006,-38.103845572596214,-38.364446166229754,-30.007884,2.484584804376624,-5.87197736185313
2910.0,-35.95543223884803,-33.73144802810496,-38.1794164495911,-38.39326189783744,-30.007884,2.4378296589894077,-5.947548238848032
2920.0,-36.03100311584293,-33.80701890509985,-38.254987326586004,-38.422077629445134,-30.007884,2.391074513602206,-6.023119115842928
2930.0,-36.10657399283782,-33.88258978209475,-38.3305582035809,-38.45089336105282,-30.007884,2.3443193682149968,-6.098689992837823
2940.0,-36.18214486983272,-33.95816065908964,-38.406129080575795,-38.479709092660514,-30.007884,2.297564222827795,-6.174260869832718
2950.0,-36.257715746827614,-34.03373153608454,-38.48169995757069,-38.5085248242682,-30.007884,2.250809077440586,-6.249831746827613
2960.0,-36.33328662382251,-34.10930241307943,-38.557270834565585,-38.537340555875886,-30.007884,2.2040539320533767,-6.325402623822509
2970.0,-36.408857500817405,-34.18487329007433,-38.63284171156048,-38.56615628748358,-30.007884,2.157298786666175,-6.400973500817404
2980.0,-36.48442837781231,-34.26044416706923,-38.708412588555376,-38.594972019091266,-30.007884,2.1105436412789587,-6.476544377812306
2990.0,-36.559999254807195,-34.336015044064126,-38.78398346555028,-38.62378775069895,-30.007884,2.0637884958917567,-6.552115254807195
3000.0,-36.6355701318021,-34.41158592105902,-38.85955434254517,-38.652603482306645,-30.007884,2.0170333505045477,-6.627686131802097
3010.0,-36.711141008796986,-34.48715679805392,-38.93512521954007,-38.68141921391433,-30.007884,1.9702782051173457,-6.703257008796985
3020.0,-36.78671188579189,-34.56272767504881,-39.01069609653496,-38.71023494552202,-30.007884,1.9235230597301296,-6.7788278857918876
3030.0,-36.862282762786776,-34.63829855204371,-39.08626697352986,-38.73905067712971,-30.007884,1.8767679143429348,-6.854398762786776
3040.0,-36.93785363978168,-34.7138694290386,-39.161837850524755,-38.7678664087374,-30.007884,1.8300127689557186,-6.929969639781678
3050.0,-37.013424516776574,-34.7894403060335,-39.23740872751965,-38.796682140345084,-30.007884,1.7832576235685096,-7.005540516776573
3060.0,-37.08899539377147,-34.86501118302839,-39.312979604514545,-38.82549787195278,-30.007884,1.7365024781813077,-7.081111393771469
3070.0,-37.164566270766365,-34.94058206002329,-39.38855048150944,-38.85431360356046,-30.007884,1.6897473327940986,-7.156682270766364
3080.0,-37.24013714776126,-35.016152937018184,-39.464121358504336,-38.88312933516815,-30.007884,1.6429921874068896,-7.232253147761259
3090.0,-37.315708024756155,-35.09172381401308,-39.53969223549923,-38.91194506677584,-30.007884,1.5962370420196876,-7.307824024756155
3100.0,-37.39127890175105,-35.16729469100798,-39.615263112494134,-38.94076079838353,-30.007884,1.5494818966324786,-7.38339490175105
3110.0,-37.46684977874595,-35.24286556800288,-39.69083398948902,-38.969576529991215,-30.007884,1.5027267512452624,-7.458965778745952
3120.0,-37.54242065574084,-35.31843644499777,-39.766404866483924,-38.99839226159891,-30.007884,1.4559716058580676,-7.53453665574084
3130.0,-37.61799153273574,-35.39400732199267,-39.84197574347881,-39.027207993206595,-30.007884,1.4092164604708515,-7.610107532735743
3140.0,-37.69356240973063,-35.46957819898756,-39.917546620473715,-39.05602372481428,-30.007884,1.3624613150836495,-7.685678409730631
3150.0,-37.769133286725534,-35.54514907598246,-39.9931174974686,-39.084839456421975,-30.007884,1.3157061696964405,-7.761249286725533
3160.0,-37.84470416372043,-35.62071995297735,-40.068688374463505,-39.11365518802966,-30.007884,1.2689510243092315,-7.836820163720429
3170.0,-37.920275040715325,-35.69629082997225,-40.1442592514584,-39.142470919637354,-30.007884,1.2221958789220295,-7.912391040715324
3180.0,-37.99584591771022,-35.771861706967144,-40.219830128453296,-39.17128665124504,-30.007884,1.1754407335348205,-7.987961917710219
3190.0,-38.071416794705115,-35.84743258396204,-40.29540100544819,-39.200102382852734,-30.007884,1.1286855881476185,-8.063532794705115
3200.0,-38.14698767170001,-35.923003460956934,-40.37097188244309,-39.22891811446042,-30.007884,1.0819304427604095,-8.13910367170001
3210.0,-38.222558548694906,-35.99857433795183,-40.44654275943798,-39.257733846068106,-30.007884,1.0351752973732005,-8.214674548694905
3220.0,-38.29812942568981,-36.07414521494673,-40.52211363643288,-39.2865495776758,-30.007884,0.9884201519859914,-8.290245425689807
3230.0,-38.373700302684696,-36.14971609194163,-40.59768451342778,-39.315365309283486,-30.007884,0.9416650065987895,-8.365816302684696
3240.0,-38.4492711796796,-36.22528696893652,-40.67325539042267,-39.34418104089117,-30.007884,0.8949098612115733,-8.441387179679598
3250.0,-38.52484205667449,-36.30085784593142,-40.74882626741757,-39.372996772498865,-30.007884,0.8481547158243785,-8.516958056674486
3260.0,-38.60041293366939,-36.37642872292631,-40.82439714441246,-39.40181250410655,-30.007884,0.8013995704371624,-8.592528933669389
3270.0,-38.67598381066428,-36.45199959992121,-40.89996802140736,-39.43062823571424,-30.007884,0.7546444250499604,-8.668099810664277
3280.0,-38.75155468765918,-36.527570476916104,-40.97553889840225,-39.45944396732193,-30.007884,0.7078892796627514,-8.74367068765918
3290.0,-38.827125564654075,-36.603141353911,-41.05110977539715,-39.48825969892962,-30.007884,0.6611341342755424,-8.819241564654074
3300.0,-38.90269644164897,-36.678712230905894,-41.12668065239205,-39.517075430537304,-30.007884,0.6143789888883333,-8.89481244164897
3310.0,-38.978267318643866,-36.75428310790079,-41.20225152938694,-39.545891162145,-30.007884,0.5676238435011314,-8.970383318643865
3320.0,-39.05383819563876,-36.829853984895685,-41.27782240638184,-39.57470689375268,-30.007884,0.5208686981139223,-9.04595419563876
3330.0,-39.129409072633656,-36.90542486189058,-41.35339328337673,-39.60352262536037,-30.007884,0.4741135527267133,-9.121525072633656
3340.0,-39.20497994962855,-36.980995738885476,-41.42896416037163,-39.63233835696806,-30.007884,0.42735840733951136,-9.197095949628551
3350.0,-39.280550826623454,-37.05656661588038,-41.50453503736652,-39.66115408857575,-30.007884,0.3806032619522952,-9.272666826623453
3360.0,-39.35612170361834,-37.13213749287527,-41.580105914361425,-39.689969820183435,-30.007884,0.3338481165650933,-9.348237703618341
3370.0,-39.431692580613245,-37.20770836987017,-41.65567679135631,-39.71878555179113,-30.007884,0.28709297117788424,-9.423808580613244
3380.0,-39.50726345760813,-37.283279246865064,-41.731247668351216,-39.747601283398815,-30.007884,0.2403378257906823,-9.499379457608132
3390.0,-39.582834334603035,-37.35885012385996,-41.806818545346104,-39.7764170150065,-30.007884,0.19358268040346616,-9.574950334603034
3400.0,-39.65840521159792,-37.434421000854854,-41.88238942234101,-39.805232746614195,-30.007884,0.14682753501627133,-9.650521211597923
3410.0,-39.733976088592826,-37.50999187784975,-41.9579602993359,-39.83404847822188,-30.007884,0.10007238962905518,-9.726092088592825
3420.0,-39.80954696558772,-37.585562754844645,-42.0335311763308,-39.862864209829574,-30.007884,0.053317244241853246,-9.80166296558772
3430.0,-39.885117842582616,-37.66113363183954,-42.10910205332569,-39.89167994143726,-30.007884,0.006562098854644205,-9.877233842582616
3440.0,-39.96068871957751,-37.736704508834436,-42.18467293032059,-39.920495673044954,-30.007884,-0.04019304653255773,-9.952804719577511
3450.0,-40.03625959657241,-37.81227538582933,-42.26024380731548,-39.94931140465264,-30.007884,-0.08694819191976677,-10.028375596572406
3460.0,-40.1118304735673,-37.887846262824226,-42.33581468431038,-39.978127136260326,-30.007884,-0.1337033373069758,-10.103946473567301
3470.0,-40.1874013505622,-37.96341713981913,-42.41138556130528,-40.00694286786802,-30.007884,-0.18045848269417775,-10.179517350562197
3480.0,-40.2629722275571,-38.038988016814024,-42.48695643830017,-40.035758599475706,-30.007884,-0.2272136280813939,-10.2550882275571
3490.0,-40.33854310455199,-38.11455889380892,-42.56252731529507,-40.06457433108339,-30.007884,-0.2739687734685958,-10.330659104551987
3500.0,-40.41411398154689,-38.190129770803814,-42.63809819228996,-40.093390062691086,-30.007884,-0.32072391885580487,-10.40622998154689
3510.0,-40.48968485854178,-38.26570064779871,-42.71366906928486,-40.12220579429877,-30.007884,-0.3674790642430068,-10.481800858541778
3520.0,-40.56525573553668,-38.341271524793605,-42.78923994627975,-40.15102152590646,-30.007884,-0.41423420963022295,-10.55737173553668
3530.0,-40.640826612531576,-38.4168424017885,-42.86481082327465,-40.17983725751415,-30.007884,-0.4609893550174249,-10.632942612531576
3540.0,-40.71639748952647,-38.492413278783395,-42.94038170026955,-40.20865298912184,-30.007884,-0.5077445004046339,-10.70851348952647
3550.0,-40.79196836652137,-38.56798415577829,-43.01595257726444,-40.237468720729524,-30.007884,-0.554499645791843,-10.784084366521366
3560.0,-40.86753924351626,-38.643555032773186,-43.09152345425934,-40.26628445233722,-30.007884,-0.6012547911790449,-10.859655243516261
3570.0,-40.94311012051116,-38.71912590976808,-43.16709433125423,-40.2951001839449,-30.007884,-0.6480099365662539,-10.935226120511157
3580.0,-41.01868099750605,-38.79469678676298,-43.24266520824913,-40.32391591555259,-30.007884,-0.694765081953463,-11.010796997506052
3590.0,-41.094251874500955,-38.87026766375788,-43.318236085244024,-40.35273164716028,-30.007884,-0.741520227340672,-11.086367874500954
3600.0,-41.16982275149584,-38.945838540752774,-43.393806962238926,-40.38154737876797,-30.007884,-0.788275372727874,-11.161938751495843
